PDB,Stem,Type,Count
3ADB,C-C,G-U MISPAIR,2
3ADB,C-C,REVERSED HOOGSTEEN,2
3ADB,C-C,TYPE_13_PAIR,2
3ADB,C-C,TYPE_25_PAIR,2
3ADB,C-C,WATSON-CRICK,98
3ADB,D-D,G-U MISPAIR,2
3ADB,D-D,REVERSED HOOGSTEEN,2
3ADB,D-D,TYPE_13_PAIR,2
3ADB,D-D,TYPE_26_PAIR,2
3ADB,D-D,WATSON-CRICK,98
3RG5,A-A,C-A MISPAIR,1
3RG5,A-A,C-G PAIR,1
3RG5,A-A,G-U MISPAIR,2
3RG5,A-A,REVERSED HOOGSTEEN,2
3RG5,A-A,REVERSED WATSON-CRICK,2
3RG5,A-A,TYPE_13_PAIR,2
3RG5,A-A,TYPE_16_PAIR,2
3RG5,A-A,TYPE_28_PAIR,8
3RG5,A-A,U-C MISPAIR,1
3RG5,A-A,WATSON-CRICK,68
3RG5,B-B,C-A MISPAIR,1
3RG5,B-B,G-U MISPAIR,2
3RG5,B-B,REVERSED HOOGSTEEN,2
3RG5,B-B,TYPE_13_PAIR,2
3RG5,B-B,TYPE_16_PAIR,2
3RG5,B-B,TYPE_28_PAIR,8
3RG5,B-B,TYPE_8_PAIR,2
3RG5,B-B,U-A PAIR,1
3RG5,B-B,U-C MISPAIR,1
3RG5,B-B,WATSON-CRICK,71
4RQF,A-A,G-A MISPAIR,1
4RQF,A-A,G-C PAIR,1
4RQF,A-A,G-U MISPAIR,3
4RQF,A-A,REVERSED HOOGSTEEN,2
4RQF,A-A,TYPE_13_PAIR,2
4RQF,A-A,TYPE_16_PAIR,2
4RQF,A-A,TYPE_28_PAIR,2
4RQF,A-A,TYPE_8_PAIR,2
4RQF,A-A,U-A PAIR,1
4RQF,A-A,U-C MISPAIR,1
4RQF,A-A,WATSON-CRICK,43
