URS_ID,Sequence,Length,description,species,rna_type,so_rna_type_name,expert_db,length
URS00001DA281_9606,GCCCGGAUGAUCCUCAGUGGUCUGGGGUGCAGGCUUCAAACCUGUAGCUGUCUAGCGACAGAGUGGUUCAAUUCCACCUUUCGGGCG,87,Homo sapiens (human) tRNA-SeC (anticodon TCA) 1-1 (TRU-TCA1-1),Homo sapiens,tRNA,selenocysteinyl_tRNA,ENA; HGNC; GeneCards; MalaCards; GtRNAdb; PDBe,87
URS0000C8E9EB_9606,GCUCGGAUGAUCCUCAGUGGUCUGGGGUGCAGGCUUCAAACCUGUAGCUGUCUAGUGACAGAGUGGUUCAAUUCCACCUUUGUA,84,Homo sapiens (human) tRNA-SeC (anticodon TCA) 2-1 (TRU-TCA2-1),Homo sapiens,tRNA,selenocysteinyl_tRNA,GtRNAdb; HGNC; GeneCards,84
URS00008FED48_9606,GGCCGGAUGAUCCUCAGUGGUCUGGGGUGCAGGCUUCAAACCUGUAGCUGUCUAGCGACAGAGUGGUUCAAUUCCACCUUUCGGGCGCCA,90,"selenocysteine tRNA from Homo sapiens (PDB 4RQF, chain C)",Homo sapiens,tRNA,selenocysteinyl_tRNA,PDBe,90
URS000014E598_9606,GCCCGGAUGAUCCUCAGUGGUCUGGGGUGCAGGCUUCAAACCUGUAGCUGUCUAGCGACAGAGUGGUUCAAUUCCACCUUUCGGGCGCCA,90,"human Ser-tRNA-Sec from Homo sapiens (PDB 7ZJW, chain F)",Homo sapiens,tRNA,selenocysteinyl_tRNA,PDBe,90
URS00006501FF_9606,GCUCGGAUGAUCCUCAGUGGUCUGGGGUGCAGGCUUCAAACCUGUAGCUGUCUAGUGACAGAGUGGUUCAAUUCCACCUUUGUAGGC,87,Homo sapiens (human) Selenocysteine transfer RNA,Homo sapiens,tRNA,selenocysteinyl_tRNA,Rfam,87
URS000073556F_9606,GCUCGGAUGAUCCUCAGUGGUCUGGGGUGCAGGCUUCAAACCUGUAGCUGUCUAGUGACAGAGUGGUUCAAUUCCACCUUUGUAGG,86,Homo sapiens (human) Selenocysteine transfer RNA,Homo sapiens,tRNA,selenocysteinyl_tRNA,Rfam; ENA,86
URS00006F0FC0_9606,GCCCGGAUGAUCCUCAGUGGUCUGGGGUGCAGGCUUCAAACCUGUAGCUGUCUAGCGACAGAGUGGUUCAAUUCCACCUUUCGGGC,86,Homo sapiens (human) Selenocysteine transfer RNA,Homo sapiens,tRNA,selenocysteinyl_tRNA,Rfam; ENA,86
URS00004315E3_9606,GCCCGGAUGAUCCUCAGUGGUCUGGGGUGCAGGCUNCAAACCUGUAGCUGUCUAGCGACAGAGUGGUUCAAUUCCACCUUUCGGGCGCCA,90,Homo sapiens (human) tRNA-Ser,Homo sapiens,tRNA,selenocysteinyl_tRNA,ENA,90
URS0000624339_10090,GCCCGGAUGAUCCUCAGUGGUCUGGGGUGCAGGCUUCAAACCUGUAGCUGUUUAGCGACAGAGUGGUUCAAUUCCACCUUUCGGGC,86,"tRNA(Sec) from Mus musculus (PDB 3RG5, chain B)",Mus musculus,tRNA,selenocysteinyl_tRNA,Rfam; ENA; PDBe,86
URS000009B95D_6239,GCCCGGAUGAACCAUGGCGGUCUGUGGUGCAGACUUCAAAUCUGUAGGCGGUUAGCGCCGCAGUGGUUCGACUCCACCUUUCGGGUG,87,Caenorhabditis elegans tRNA-SeC (TCA) (tRNA-SeC-TCA-1-1),Caenorhabditis elegans,tRNA,selenocysteinyl_tRNA,ENA; GtRNAdb; Rfam,87
URS00004CEF57_7227,GCCCCACUGAACUUCGGUGGUCCGGGGUGCGGACUUCAAAUCCGUAGUCGAUUUGCGUCGAAGUGGUUCGAUUCCACCUGGGGGGCG,87,Drosophila melanogaster (fruit fly) transfer RNA:Selenocysteine-TCA 1-1 (Dmel_CR30024),Drosophila melanogaster,tRNA,selenocysteinyl_tRNA,FlyBase; GtRNAdb; ENA,87
URS0000176051_10090,GCCCGGAUGAUCCUCAGUGGUCUGGGGUGCAGGCUUCAAACCUGUAGCUGUUUAGCGACAGAGUGGUUCAAUUCCACCUUUCGGGCG,87,Mus musculus tRNA-SeC (TCA) (tRNA-SeC-TCA-1-1),Mus musculus,tRNA,selenocysteinyl_tRNA,ENA; GtRNAdb,87
URS00006FD6B3_6239,GCCCGGAUGAACCAUGGCGGUCUGUGGUGCAGACUUCAAAUCUGUAGGCGGUUAGCGCCGCAGUGGUUCGACUCCACCUUUCGGGU,86,Caenorhabditis elegans tRNA-SeC(e),Caenorhabditis elegans,tRNA,selenocysteinyl_tRNA,Rfam; WormBase,86
URS00000692E6_7227,CGCCCCCCAGGUGGAAUCGAACCACUUCGACGCAAAUCGACUACGGAUUUGAAGUCCGCACCCCGGACCACCGAAGUUCAGUGGGGC,87,Drosophila melanogaster (fruit fly) tRNA-OTHER,Drosophila melanogaster,tRNA,selenocysteinyl_tRNA,ENA,87
URS00006FD6F2_7227,GCCCCACUGAACUUCGGUGGUCCGGGGUGCGGACUUCAAAUCCGUAGUCGAUUUGCGUCGAAGUGGUUCGAUUCCACCUGGGGGGC,86,Drosophila melanogaster (fruit fly) Selenocysteine transfer RNA,Drosophila melanogaster,tRNA,selenocysteinyl_tRNA,Rfam,86
URS00003B2198_10090,GCCCGGAUGAUCCUCAGUGGUCUGGGGUGCAGGCUUCAAACCUGUAGCUGUUUAGCGACAGAGUGGUUCAAUUCCACCUUUCGGGCGCCA,90,Mus musculus (house mouse) tRNA-Ser,Mus musculus,tRNA,selenocysteinyl_tRNA,ENA,90
URS0002324047_7955,GUAGUCGUGGCCGAGUGGUUAAGGCGAUGGACUUCAAAUCCAUUGGGGUCUCCCCGCGCAGGUUUGAAUCCUGCCGACUAC,81,Danio rerio (zebrafish) Selenocysteine transfer RNA,Danio rerio,tRNA,selenocysteinyl_tRNA,Rfam,81
URS00006CB2B8_7955,GCCCGGAUGAACCUCGGUGGUCCGGGGUGCAGGCUUCAAACCUGUAGCUGCCUAGCGGCAGAGUGGUUCAAUUCCACCUUUCGGGC,86,Danio rerio (zebrafish) Selenocysteine transfer RNA,Danio rerio,tRNA,selenocysteinyl_tRNA,Rfam,86
URS000043400C_7955,GCCCGGAUGAACCUCGGUGGUCCGGGGUGCAGGCUUCAAACCUGUAGCUGCCUAGCGGCAGAGUGGUUCAAUUCCACCUUUCGGGCG,87,Danio rerio tRNA-SeC (TCA) (tRNA-SeC-TCA-1 1 to 3),Danio rerio,tRNA,selenocysteinyl_tRNA,ENA; GtRNAdb,87
URS000232C248_7955,GCCCGGAUGAACCUCGGUGGUCCGGGGUGCAGGCUUCAAACCUGUAGCUGCCUAGCGGCAGAGUGGUUCAAUUCCACCUUUCGGGCGACU,90,Danio rerio (zebrafish) Selenocysteine transfer RNA,Danio rerio,tRNA,selenocysteinyl_tRNA,Rfam,90
URS00002F9CDD_511145,GGAAGAUCGUCGUCUCCGGUGAGGCGGCUGGACUUCAAAUCCAGUUGGGGCCGCCAGCGGUCCCGGGCAGGUUCGACUCCUGUGAUCUUCCGCCA,95,Escherichia coli str. K-12 substr. MG1655 tRNA-SeC (TCA) (tRNA-SeC-TCA-1-1),Escherichia coli str. K-12 substr. MG1655,tRNA,selenocysteinyl_tRNA,ENA; GtRNAdb,95
URS0002318EF0_7227,GCCCCACUGAACUUCGGUGGUCCGGGGUGCGGACUUCAAAUCCGUAGUCGAUUUGCGUCGAAGUGGUUCGAUUCCACCUGGGGGGCGAAU,90,Drosophila melanogaster (fruit fly) Selenocysteine transfer RNA,Drosophila melanogaster,tRNA,selenocysteinyl_tRNA,Rfam,90
URS0000EFA52B_5851,CGCACCGAAGGAGGAAUCGAACCUCUGCGCAGAAAUUCUACGCCAAAUGAUUUGAAGUCAUACUUAGCAACCAUGCUAACUCAUCGGUGC,90,Plasmodium knowlesi strain H tRNA tRNA,Plasmodium knowlesi strain H,tRNA,selenocysteinyl_tRNA,Ensembl Protists,90
URS00006C48DD_5855,GCACCGAUGAGUUAGCAUGGUUGUUAAGUAUGACUUCAAAUCAUAAGGCGUAGAAUUUCUGCGCAGAGGUUCGAUUCCUCCUUCGGUGCG,90,Plasmodium vivax (malaria parasite P. vivax) tRNA Selenocysteine,Plasmodium vivax,tRNA,selenocysteinyl_tRNA,ENA,90
URS0000EFA197_296543,GUGAGAAAGGUGGAAUUGAACCACUGGGCCGCUAAGCCCCUACAGGUUUGAAGCCUGCACCCACCACCAGGCGGGAUCAUUCUCAC,86,Thalassiosira pseudonana CCMP1335 tRNA tRNA-Sec,Thalassiosira pseudonana CCMP1335,tRNA,selenocysteinyl_tRNA,Ensembl Protists,86
URS000027CA7B_36329,CAAUGCACCGAUGAGUUAGCAUGGUUGCUAAGUAUGACUUCAAAUCAUUUGGCGUAGUUUUUCUGCGCAGAGGUUCGAUUCCUCCUUCGGUGCGACGAGCACCAA,105,Plasmodium falciparum 3D7 tRNA Selenocysteine,Plasmodium falciparum 3D7,tRNA,selenocysteinyl_tRNA,Ensembl Protists,105
URS0000EFA438_5851,GCACCGAAGGAGGAAUCGAACCUCUGCGCAGAAAUUCUACGCCAAAUGAUUUGAAGUCAUACUUAGCAACCAUGCUAACUCAUCGGUGC,89,Plasmodium knowlesi strain H tRNA tRNA-Sec,Plasmodium knowlesi strain H,tRNA,selenocysteinyl_tRNA,Ensembl Protists,89
URS0000BE9D73_74869,GGAAGAUCCUCGUCCCCGGUGGGGCGGCUGGACUUCAAAUCCAGUUGGGGCCGCCAGCGGUCCUGGGCAGGUUCGACUCCUGUGAUCUUCC,91,Anopheles maculatus (Mosquito) tRNA tRNA-SeC(p),Anopheles maculatus,tRNA,selenocysteinyl_tRNA,Ensembl Metazoa,91
URS00005A30CB_693216,GGAAGAUCGUCGUCUCCGGUGAGGCGGCUGGACUUCAAAUCCAGUUGGGGCCGCCAGCGGUCCCGGGCAGGUUCGACUCCUGUGAUCUUCC,91,Cronobacter turicensis z3032 tRNA,Cronobacter turicensis z3032,tRNA,selenocysteinyl_tRNA,ENA,91
URS00002C228D_201089,GGAAGUGCGCAGUUCACUGGUGGGGCUCCCGGACUUCAAAUCCGGUGUGGGGCGCUAAUACCGUCCCGGGUGGGUUCGAUUCCCAUGCACUUCCGCC,97,uncultured Desulfobacterium sp. tRNA,uncultured Desulfobacterium sp.,tRNA,selenocysteinyl_tRNA,ENA,97
URS00000F9174_913028,GGAAGAUCAUCGUCCCCGGUGGGGCGGCUGGACUUCAAAUCCAGAUGGGGCCGCCAGCGGUCCCUGGCAGGUUCGACUCCUGUGAUCUUCC,91,Yersinia enterocolitica W22703 tRNA,Yersinia enterocolitica W22703,tRNA,selenocysteinyl_tRNA,ENA,91
URS000047201F_46245,GCCUCACUGAGCUUCGGUGGUCCGGGGUGCGGACUUCAAAUCCGUAGUCGAUUAGCGUCGAAGUGGUUCGAUUCCACCUGUGGGGC,86,Drosophila pseudoobscura pseudoobscura (Fruit fly) tRNA Dpse	RNA:GA29764,Drosophila pseudoobscura pseudoobscura,tRNA,selenocysteinyl_tRNA,Rfam; Ensembl Metazoa,86
URS00000D8D92_7217,GCCCCACUGAGCUUCGGUGGUCCGGGGUGCGGACUUCAAAUCCGUAGUCGAUUAGCGUCGAAGUGGUUCGAUUCCACCUGGGGGGC,86,Drosophila ananassae (Fruit fly) tRNA Dana	RNA:GF25935,Drosophila ananassae,tRNA,selenocysteinyl_tRNA,Ensembl Metazoa; ENA; Rfam,86
URS00000D8D92_7220,GCCCCACUGAGCUUCGGUGGUCCGGGGUGCGGACUUCAAAUCCGUAGUCGAUUAGCGUCGAAGUGGUUCGAUUCCACCUGGGGGGC,86,Drosophila erecta (Fruit fly) tRNA Dere	RNA:GG25829,Drosophila erecta,tRNA,selenocysteinyl_tRNA,Ensembl Metazoa; ENA,86
URS00000D8D92_7245,GCCCCACUGAGCUUCGGUGGUCCGGGGUGCGGACUUCAAAUCCGUAGUCGAUUAGCGUCGAAGUGGUUCGAUUCCACCUGGGGGGC,86,Drosophila yakuba (Fruit fly) tRNA Dyak	RNA:GE26939,Drosophila yakuba,tRNA,selenocysteinyl_tRNA,Ensembl Metazoa; ENA,86
URS00004F4052_7222,GCCCCACUGAGCUUCGGUGGUCCGGGGUGCGGACUUCAAAUCCGUAGUCGAUUAACGUCGAAGUGGUUCGAUUCCACCUGGGGGGC,86,Drosophila grimshawi (Fruit fly) tRNA Dgri	RNA:GH25728,Drosophila grimshawi,tRNA,selenocysteinyl_tRNA,Rfam; Ensembl Metazoa; ENA,86
URS000052E9CE_7244,GCCCCACUGAGCUUCGGUGGUCCGGGGUGCGGACUUCAAAUCCGCAGUCGAUUAACGUCGAAGUGGUUCGAUUCCACCUGGGGGGC,86,Drosophila virilis (Fruit fly) tRNA Dvir	RNA:GJ25178,Drosophila virilis,tRNA,selenocysteinyl_tRNA,Rfam; Ensembl Metazoa; ENA,86
URS00004F4052_7230,GCCCCACUGAGCUUCGGUGGUCCGGGGUGCGGACUUCAAAUCCGUAGUCGAUUAACGUCGAAGUGGUUCGAUUCCACCUGGGGGGC,86,Drosophila mojavensis (Fruit fly) tRNA Dmoj	RNA:GI25301,Drosophila mojavensis,tRNA,selenocysteinyl_tRNA,Rfam; Ensembl Metazoa; ENA,86
URS0000496CAE_7238,GCCCCACUGAGCUUCGGUGGUCCGGGGUGCGGACUUCAAAUCCGUAGUCGAUUUGCGUCGAAGUGGUUCGAUUCCACCUGGGGGGC,86,Drosophila sechellia (Fruit fly) tRNA Dsec	RNA:GM27433,Drosophila sechellia,tRNA,selenocysteinyl_tRNA,Rfam; Ensembl Metazoa; ENA,86
URS000047201F_7234,GCCUCACUGAGCUUCGGUGGUCCGGGGUGCGGACUUCAAAUCCGUAGUCGAUUAGCGUCGAAGUGGUUCGAUUCCACCUGUGGGGC,86,Drosophila persimilis (Fruit fly) tRNA Dper	RNA:GL27829,Drosophila persimilis,tRNA,selenocysteinyl_tRNA,Rfam; ENA; Ensembl Metazoa,86
URS0000A6C2CA_5821,AUCGAUGAGUUAGCAUGGUUGCUAAAGAUGACUUCAAAUCAUUUGGUGUAGGGUCACUGCACAGAGGUUCGAUUCCUCCUUCGGUGC,87,Plasmodium berghei seC transfer RNA (tca),Plasmodium berghei,tRNA,selenocysteinyl_tRNA,ENA,87
URS0000D4B859_5661,CGCGAUGAGCUCAGCUGGUGCUGGGUGCGGGCUUCAAACCCGUAGGUGAGUUGCUCUCACAGCCGUUCGAUUCGGCCUUCGUGGC,85,Leishmania donovani tRNA-Sec,Leishmania donovani,tRNA,selenocysteinyl_tRNA,ENA,85
URS00009DE517_5826,ACCGAUGAGUUAGCAUGGUUGCUAAAGAUGACUUCAAAUCAUUUGGUGUAGGUCACUGCACAGAGGUUCGAUUCCUCCUUCGGUGC,86,Plasmodium chabaudi adami seC transfer RNA (tca),Plasmodium chabaudi adami,tRNA,selenocysteinyl_tRNA,ENA,86
URS00009DE517_31271,ACCGAUGAGUUAGCAUGGUUGCUAAAGAUGACUUCAAAUCAUUUGGUGUAGGUCACUGCACAGAGGUUCGAUUCCUCCUUCGGUGC,86,Plasmodium chabaudi chabaudi seC transfer RNA (tca),Plasmodium chabaudi chabaudi,tRNA,selenocysteinyl_tRNA,ENA,86
URS0000D4B859_347515,CGCGAUGAGCUCAGCUGGUGCUGGGUGCGGGCUUCAAACCCGUAGGUGAGUUGCUCUCACAGCCGUUCGAUUCGGCCUUCGUGGC,85,Leishmania major strain Friedlin tRNA_selenocysteine,Leishmania major strain Friedlin,tRNA,selenocysteinyl_tRNA,ENA,85
URS00000B7399_5680,GCCGCGAUGAGCUCAGCUGGUGCUGGGUGCGGGCUUCAAACCCGUAGGUGAGUUGCUCUCACAGCCGUUCGAUUCGGCCUUCGUGGCG,88,Leishmania shawi SeC transfer RNA (tca),Leishmania shawi,tRNA,selenocysteinyl_tRNA,ENA,88
URS0000504971_59799,GCCGCGAUGAGCUCAACUGGUGUUGGGUGCGGGCUUCAAACCCGUAGGUGAGUAGCACUCACAGCCGUUCGAUUCGGCCUUCGUGGCG,88,Angomonas deanei SeC transfer RNA (tca),Angomonas deanei,tRNA,selenocysteinyl_tRNA,ENA,88
URS0000A52F5E_36330,ACCGAUGAGUUAGCAUGGUUGCUAAGAAUGACUUCAAAUCAUUCGGCGUAGGUUUACUGCGCAGAGGUUCGAUUCCUCCUUCGGUGC,87,Plasmodium ovale (malaria parasite P. ovale) seC transfer RNA (tca),Plasmodium ovale,tRNA,selenocysteinyl_tRNA,ENA,87
URS0000BF6A53_1317065,GCAGGGGUGAUCUUGGCUGGUGCUGAGUGCAGACUUCAAAUCUGUAGGCCAUUCGCUUGGCAGGAGUUCGAUUCUCCCUCGCUUGC,86,Phytophthora parasitica P1569 selenocysteine transfer RNA,Phytophthora nicotianae P1569,tRNA,selenocysteinyl_tRNA,Rfam; Ensembl Protists,86
URS0000C50FBB_905079,GCCCCGAUGAUCCUGGCUGGCGCUGGGGCUGGACUUCAAAUCCAGUGAGGGUUGACGCCCUAGAGGUUCGAUUCCUCCUUCGAGGC,86,Guillardia theta CCMP2712 selenocysteine transfer RNA,Guillardia theta CCMP2712,tRNA,selenocysteinyl_tRNA,Ensembl Protists; Rfam,86
