ID,Anticodon,Discriminator,Acceptor_stem_len,D_stem_len,T_stem_len,D_loop_len,Variable_arm
URS0000EFA52B_5851|Plasmodium_knowlesi|Plasmodium,AUU,G,9,6,4,4,long
URS0000EFA438_5851|Plasmodium_knowlesi|Plasmodium,AUU,G,9,6,4,4,long
URS0000EF9DCA_315563|Belgica_antarctica|Belgica,UUU,C,9,6,4,4,long
URS0000EFA232_347515|Leishmania_major|Leishmania,GCA,C,9,6,4,4,long
URS00000692E6_7227|Drosophila_melanogaster|Drosophila,GCA,C,9,6,4,4,long
URS0000EFA197_296543|Thalassiosira_pseudonana|Thalassiosira,GCU,G,9,6,4,4,long
URS0002324047_7955|Danio_rerio|Danio,CUU,U,9,6,4,4,long
URS0000AFC6C9_1797613|Chloroflexi_bacterium|Chloroflexi,CUU,U,9,6,4,4,long
URS0000AFC6C9_1872519|Anaerolinea_sp|Anaerolinea,CUU,U,9,6,4,4,long
URS0000AFC6C9_2024896|Anaerolineaceae_bacterium|Anaerolineaceae,CUU,U,9,6,4,4,long
URS000080E0B2_224324|Aquifex_aeolicus|Aquifex,CUU,U,9,6,4,4,long
URS000341391A_1904483|sheep_gut_metagenome_tRNA|sheep,CUU,U,9,6,4,4,long
URS0003403B6A_1904483|sheep_gut_metagenome_tRNA|sheep,CUU,U,9,6,4,4,long
URS00034194B5_2847326|Parafannyhessea_sp|uncultured,CUU,U,9,6,4,4,long
URS00034208DD_167968|Desulfovibrio_sp|uncultured,CUU,C,9,6,4,4,long
URS000340EF63_3031937|Chordicoccus_sp|uncultured,CUU,U,9,6,4,4,long
URS000341C1CD_876|Desulfovibrio_desulfuricans|Desulfovibrio,CUU,C,9,6,4,4,long
URS0002254DFE_167968|Desulfovibrio_sp|uncultured,CCU,U,9,6,4,4,long
URS0003403D79_167968|Desulfovibrio_sp|uncultured,CUU,C,9,6,4,4,long
URS0003420433_1904483|sheep_gut_metagenome_tRNA|sheep,CUU,U,9,6,4,4,long
URS0003402BD3_1904483|sheep_gut_metagenome_tRNA|sheep,CUU,U,9,6,4,4,long
URS0000A11182_1780362|Campylobacter_geochelonis|Campylobacter,CUU,U,9,6,4,4,long
URS00004B84D6_287|Pseudomonas_aeruginosa|Pseudomonas,CUU,U,9,6,4,4,long
URS0000A1265B_1703773|candidate_division_TA06_bacterium_SM1_40_tRNA-Sec|candidate,CUU,U,9,6,4,4,long
URS0000A1265B_1703774|candidate_division_TA06_bacterium_SM23_40_tRNA-Sec|candidate,CUU,U,9,6,4,4,long
URS0000058B15_360910|Bordetella_avium|Bordetella,CUU,U,9,6,4,4,long
URS0000C4823B_1736429|Rhizobium_sp|Rhizobium,CUU,C,9,6,4,4,long
URS00005D75C5_287|Pseudomonas_aeruginosa|Pseudomonas,CUU,U,9,6,4,4,long
URS0000C45FF6_1649647|Janthinobacterium_sp|Janthinobacterium,CUU,U,9,6,4,4,long
URS0000C7ACF0_1300342|Dokdonella_koreensis|Dokdonella,CUU,U,9,6,4,4,long
URS0003410CE8_135740|Paracoccus_kondratievae|Paracoccus,CUU,U,9,6,4,4,long
URS0002FF090D_157784|Zestomonas_thermotolerans|Zestomonas,CUU,U,9,6,4,4,long
URS0000DF2507_2078785|Pseudomonas_sp|Pseudomonas,CUU,U,9,6,4,4,long
URS00001372CF_384676|Pseudomonas_entomophila|Pseudomonas,CUU,U,9,6,4,4,long
URS0003414876_114710|Comamonas_sp|uncultured,CUU,U,9,6,4,4,long
URS0000772343_1977087|Pseudomonadota_bacterium|Pseudomonadota,CUU,U,9,6,4,4,long
URS000077E5AF_28450|Burkholderia_pseudomallei|Burkholderia,CUU,U,9,6,4,4,long
URS00000B1D7A_272560|Burkholderia_pseudomallei|Burkholderia,CUU,U,9,6,4,4,long
URS00009DDAC1_2015350|Burkholderia_sp|Burkholderia,CUU,U,9,6,4,4,long
URS000004BB47_562|Escherichia_coli|Escherichia,CUU,U,9,6,4,4,long
URS00002F9CDD_511145|Escherichia_coli|Escherichia,CUU,U,9,6,4,4,long
URS00002F9CDD_90371|Salmonella_enterica|Salmonella,CUU,U,9,6,4,4,long
URS00002F9CDD_591946|Escherichia_coli|Escherichia,CUU,U,9,6,4,4,long
URS00002F9CDD_562|Escherichia_coli|Escherichia,CUU,U,9,6,4,4,long
URS0000AD28C5_562|Escherichia_coli|Escherichia,CUU,U,9,6,4,4,long
URS0000668642_562|Escherichia_coli|Escherichia,CUU,U,9,6,4,4,long
URS000012883F_69218|Enterobacter_cancerogenus|Enterobacter,CUU,U,9,6,4,4,long
URS000012883F_546|Citrobacter_freundii|Citrobacter,CUU,U,9,6,4,4,long
URS0000BE9D73_74869|Anopheles_maculatus|Anopheles,CUU,U,9,6,4,4,long
URS0000177E81_39946|Indica_Group|Oryza,CUU,U,9,6,4,4,long
URS0000177E81_273526|Serratia_marcescens|Serratia,CUU,U,9,6,4,4,long
URS00000F9174_913028|Yersinia_enterocolitica|Yersinia,CUU,U,9,6,4,4,long
URS000009CF36_2773264|Serratia_sp|Serratia,CUU,U,9,6,4,4,long
URS00005A30CB_693216|Cronobacter_turicensis|Cronobacter,CUU,U,9,6,4,4,long
URS00005A30CB_941323|Escherichia_coli|Escherichia,CUU,U,9,6,4,4,long
URS00005A30CB_199310|Escherichia_coli|Escherichia,CUU,U,9,6,4,4,long
URS00005A30CB_155864|Escherichia_coli|Escherichia,CUU,U,9,6,4,4,long
URS00005A30CB_220341|Salmonella_enterica|Salmonella,CUU,U,9,6,4,4,long
URS00009DCAC5_1005665|Kosakonia_oryzendophytica|Kosakonia,CUU,U,9,6,4,4,long
URS000018CF94_273068|Caldanaerobacter_subterraneus|Caldanaerobacter,CUU,U,9,6,4,4,long
URS000341B508_1904483|sheep_gut_metagenome_tRNA|sheep,CUU,U,9,6,4,4,long
URS0003408124_1904483|sheep_gut_metagenome_tRNA|sheep,CUU,U,9,6,4,4,long
URS000341D73F_1904483|sheep_gut_metagenome_tRNA|sheep,CUU,U,9,6,4,4,long
URS00034049B1_1904483|sheep_gut_metagenome_tRNA|sheep,CUU,U,9,6,4,4,long
URS0003417A82_1904483|sheep_gut_metagenome_tRNA|sheep,CUU,C,9,6,4,4,long
URS000340B958_1904483|sheep_gut_metagenome_tRNA|sheep,CUU,C,9,6,4,4,long
URS0000A13594_1265311|Mycobacterium_arosiense|Mycobacterium,CUU,U,9,6,4,4,long
URS0000A13594_1785|Mycobacterium_sp|Mycobacterium,CUU,U,9,6,4,4,long
URS0000A13594_1834071|Mycobacterium_sp|Mycobacterium,CUU,U,9,6,4,4,long
URS000340C1C2_1904483|sheep_gut_metagenome_tRNA|sheep,CUU,U,9,6,4,4,long
URS0000C96ADE_2024894|Acidimicrobiaceae_bacterium|Acidimicrobiaceae,CUU,U,9,6,4,4,long
URS0000C96ADE_2900548|Actinomycetota_bacterium|Actinomycetota,CUU,U,9,6,4,4,long
URS0000AF7EE8_335381|Friedmanniella_sp|uncultured,CUU,U,9,6,4,4,long
URS00006E3382_60137|Sulfitobacter_pontiacus|Sulfitobacter,CUU,U,9,6,4,4,long
URS0003410A98_1904483|sheep_gut_metagenome_tRNA|sheep,CUU,U,9,6,4,4,long
URS000052E4A1_657313|_Ruminococcus__torques_L2-14_tRNA|[Ruminococcus],CUU,U,9,6,4,4,long
URS0000B1F89D_392333|Geoalkalibacter_ferrihydriticus|Geoalkalibacter,CUU,U,9,6,4,4,long
URS000041EA00_177439|Predicted_Se|Desulfotalea,UUU,U,9,6,4,4,long
URS0003416F49_2963089|Bilifractor_sp|uncultured,CUU,C,9,6,4,4,long
URS00019C5548_2963089|Bilifractor_sp|uncultured,CUU,U,9,6,4,4,long
URS0002FDD034_1118124|Moryella_sp|uncultured,CUU,C,9,6,4,4,long
URS00004DD8C0_717608|_Clostridium__cf._saccharolyticum_K10_tRNA|[Clostridium],CUU,U,9,6,4,4,long
URS000341938C_1904483|sheep_gut_metagenome_tRNA|sheep,CUU,U,9,6,4,4,long
URS0002245DB9_1904483|sheep_gut_metagenome_tRNA|sheep,CUU,U,9,6,4,4,long
URS000025EF76_413999|Clostridium_botulinum|Clostridium,CUU,U,9,6,4,4,long
URS000025EF76_941968|Clostridium_botulinum|Clostridium,CUU,U,9,6,4,4,long
URS0000ED0590_287|Pseudomonas_aeruginosa|Pseudomonas,CUU,U,9,6,4,4,long
URS000222E4EE_1904483|sheep_gut_metagenome_tRNA|sheep,CUU,U,9,6,4,4,long
URS0003413B1E_1904483|sheep_gut_metagenome_tRNA|sheep,CUU,U,9,6,4,4,long
URS00002C364D_1731|Peptoclostridium_acidaminophilum|Peptoclostridium,CUU,U,9,6,4,4,long
URS0003416972_1904483|sheep_gut_metagenome_tRNA|sheep,CUU,U,9,6,4,4,long
URS000342162C_1904483|sheep_gut_metagenome_tRNA|sheep,CUU,U,9,6,4,4,long
URS000341B2C5_1904483|sheep_gut_metagenome_tRNA|sheep,CUU,U,9,6,4,4,long
URS0000A0E1AC_165190|Collinsella_sp|uncultured,CCU,U,9,6,4,4,long
URS0003406567_1904483|sheep_gut_metagenome_tRNA|sheep,CUU,U,9,6,4,4,long
URS000340B8EA_1904483|sheep_gut_metagenome_tRNA|sheep,CUU,U,9,6,4,4,long
URS0003403377_1904483|sheep_gut_metagenome_tRNA|sheep,CUU,U,9,6,4,4,long
URS00022290E2_59620|Clostridium_sp|uncultured,CUU,U,9,6,4,4,long
URS0003410408_1904483|sheep_gut_metagenome_tRNA|sheep,CUU,U,9,6,4,4,long
URS0002225DE4_1904483|sheep_gut_metagenome_tRNA|sheep,CUU,U,9,6,4,4,long
URS0003417578_765821|Blautia_sp|uncultured,CUU,U,9,6,4,4,long
URS00002C228D_201089|Desulfobacterium_sp|uncultured,CUU,U,9,6,4,4,long
URS0003418CDE_1904483|sheep_gut_metagenome_tRNA|sheep,CUU,U,9,6,4,4,long
URS00026DA227_1904483|sheep_gut_metagenome_tRNA|sheep,CUU,U,9,6,4,4,long
URS000340FE24_88431|Dorea_longicatena|Dorea,CUU,U,9,6,4,4,long
URS0000AD0ACA_2013753|Deltaproteobacteria_bacterium|Deltaproteobacteria,CUU,U,9,6,4,4,long
URS0000AD0ACA_2202153|Thermodesulfobacteriota_bacterium|Thermodesulfobacteriota,CUU,U,9,6,4,4,long
URS0000B50670_2013728|Chloroflexi_bacterium|Chloroflexi,CUU,U,9,6,4,4,long
URS0000B50670_2026735|Deltaproteobacteria_bacterium|Deltaproteobacteria,CUU,U,9,6,4,4,long
URS0000B50670_2053627|Syntrophomonas_sp|Syntrophomonas,CUU,U,9,6,4,4,long
URS0000AD3CA5_3055594|Desulfobacterales_bacterium|Desulfobacterales,CUU,U,9,6,4,4,long
URS00034102DD_1904483|sheep_gut_metagenome_tRNA|sheep,CUU,U,9,6,4,4,long
URS0002D7ADC2_3137852|Tenacibaculum_sp|Tenacibaculum,UUU,U,9,6,4,4,long
URS000080DE1A_2320|Methanopyrus_kandleri|selenocysteine,CUU,U,9,6,4,4,long
URS000017E011_759914|Brachyspira_pilosicoli|Brachyspira,CUU,U,9,6,4,4,long
URS0000603899_352472|Dictyostelium_discoideum|Dictyostelium,CUU,U,9,6,4,4,long
URS0000AE336D_36330|Plasmodium_ovale|Plasmodium,CUU,U,9,6,4,4,long
URS0000CF631C_720590|Plasmodium_sp|Plasmodium,CUU,U,9,6,4,4,long
URS0000CD1D1C_880536|Plasmodium_sp|Plasmodium,CUU,U,9,6,4,4,long
URS0000D0C34A_880534|Plasmodium_sp|Plasmodium,CUU,U,9,6,4,4,long
URS000027CA7B_36329|Plasmodium_falciparum|Plasmodium,CUU,U,9,6,4,4,long
URS000027CA7B_5854|Plasmodium_reichenowi|Plasmodium,CUU,U,9,6,4,4,long
URS0000CDCE69_647221|Plasmodium_gaboni|Plasmodium,CUU,U,9,6,4,4,long
URS0000A655CB_720590|Plasmodium_sp|Plasmodium,CUU,U,9,6,4,4,long
URS0000A6C2CA_5821|Plasmodium_berghei|Plasmodium,CUU,U,9,6,4,4,long
URS0000A52F5E_36330|Plasmodium_ovale|Plasmodium,CUU,U,9,6,4,4,long
URS0000B075AC_5858|Plasmodium_malariae|Plasmodium,CUU,U,9,6,4,4,long
URS0000B02643_85471|Plasmodium_relictum|Plasmodium,CUU,U,9,6,4,4,long
URS0000D4B4EE_880535|Plasmodium_sp|Plasmodium,CUU,U,9,6,4,4,long
URS0000AC0DEF_5849|Plasmodium_gallinaceum|Plasmodium,CUU,U,9,6,4,4,long
URS0000791279_5823|Plasmodium_berghei|Plasmodium,CUU,U,9,6,4,4,long
URS000062C4CA_5823|Plasmodium_berghei|Plasmodium,CUU,U,9,6,4,4,long
URS00006C48DD_5855|Plasmodium_vivax|Plasmodium,CUU,U,9,6,4,4,long
URS000064448A_5851|Plasmodium_knowlesi|Plasmodium,CUU,U,9,6,4,4,long
URS000070CAB7_36329|Plasmodium_falciparum|Plasmodium,CUU,U,9,6,4,4,long
URS00009DE517_5826|Plasmodium_chabaudi|Plasmodium,CUU,U,9,6,4,4,long
URS00009DE517_31271|Plasmodium_chabaudi|Plasmodium,CUU,U,9,6,4,4,long
URS00005FE6AC_5861|Plasmodium_yoelii|Plasmodium,CUU,U,9,6,4,4,long
URS00005FE6AC_31271|Plasmodium_chabaudi|Plasmodium,CUU,U,9,6,4,4,long
URS00005FE6AC_5860|Plasmodium_vinckei|Plasmodium,CUU,U,9,6,4,4,long
URS00005FE6AC_119398|Plasmodium_vinckei|Plasmodium,CUU,U,9,6,4,4,long
URS0001CA48BD_138297|Plasmodium_vinckei|Plasmodium,CUU,U,9,6,4,4,long
URS0000C8E9EB_9606|Homo_sapiens|Homo,CUU,U,9,6,4,4,long
URS0000511088_508771|Toxoplasma_gondii|Toxoplasma,CUU,U,9,6,4,4,long
URS00003AB734_905079|Guillardia_theta|Guillardia,CUU,U,9,6,4,4,long
URS000027138B_8355|Xenopus_laevis|Xenopus,CUU,U,9,6,4,4,long
URS00004CEF57_7227|Drosophila_melanogaster|Drosophila,CUU,U,9,6,4,4,long
URS00006501FF_9606|Homo_sapiens|Homo,CUU,U,9,6,4,4,long
URS000009B95D_6239|Caenorhabditis_elegans|Caenorhabditis,CUU,U,9,6,4,4,long
URS0000176051_10090|Mus_musculus|Mus,CUU,U,9,6,4,4,long
URS000043400C_7955|Danio_rerio|Danio,CUU,U,9,6,4,4,long
URS00001DA281_9606|Homo_sapiens|Homo,CUU,U,9,6,4,4,long
URS000018DFB6_9031|Gallus_gallus|Gallus,CUU,U,9,6,4,4,long
URS0002318EF0_7227|Drosophila_melanogaster|Drosophila,CUU,U,9,6,4,4,long
URS00008FED48_9606|Homo_sapiens|selenocysteine,CUU,U,9,6,4,4,long
URS00003B2198_10090|Mus_musculus|Mus,CUU,U,9,6,4,4,long
URS000232C248_7955|Danio_rerio|Danio,CUU,U,9,6,4,4,long
URS000014E598_9606|Sec_from|human,CUU,U,9,6,4,4,long
URS000014E598_9913|Bos_taurus|Bos,CUU,U,9,6,4,4,long
URS00004315E3_9606|Homo_sapiens|Homo,CUN,U,9,6,4,4,long
URS0000C50FBB_905079|Guillardia_theta|Guillardia,CUU,U,9,6,4,4,long
URS0000EFA563_1223558|Pythium_iwayamai|Pythium,CUU,U,9,6,4,4,long
URS0000EFA428_1284355|Phytophthora_kernoviae|Phytophthora,CUU,U,9,6,4,4,long
URS0000BF6A53_1317065|Phytophthora_parasitica|Phytophthora,CUU,U,9,6,4,4,long
URS0000EFA0F4_1254522|Phytophthora_lateralis|Phytophthora,CUU,U,9,6,4,4,long
URS000037ED7F_6945|Ixodes_scapularis|Ixodes,CUU,U,9,6,4,4,long
URS0000296430_6945|Ixodes_scapularis|Ixodes,CUU,U,9,6,4,4,long
URS000063E0DB_6945|Ixodes_scapularis|Ixodes,CUU,U,9,6,4,4,long
URS000197EBEF_6945|Ixodes_scapularis|Ixodes,CUU,U,9,6,4,4,long
URS000197E0D4_6945|Ixodes_scapularis|Ixodes,CUU,U,9,6,4,4,long
URS000096B318_7209|Loa_loa|Loa,CUU,U,9,6,4,4,long
URS000218F9E9_29158|Mytilus_galloprovincialis|Mytilus,CUU,U,9,6,4,4,long
URS000197CDD6_442651|Hofstenia_miamia|Hofstenia,CUU,U,9,6,4,4,long
URS000047201F_46245|Drosophila_pseudoobscura|Drosophila,CUU,U,9,6,4,4,long
URS000047201F_7234|Drosophila_persimilis|Drosophila,CUU,U,9,6,4,4,long
URS0000D8E506_7370|Musca_domestica|Musca,CUU,U,9,6,4,4,long
URS00006FD6F2_7227|Drosophila_melanogaster|Drosophila,CUU,U,9,6,4,4,long
URS0000496CAE_7238|Drosophila_sechellia|Drosophila,CUU,U,9,6,4,4,long
URS000052E9CE_7244|Drosophila_virilis|Drosophila,CUU,U,9,6,4,4,long
URS00000D8D92_7217|Drosophila_ananassae|Drosophila,CUU,U,9,6,4,4,long
URS00000D8D92_7220|Drosophila_erecta|Drosophila,CUU,U,9,6,4,4,long
URS00000D8D92_7245|Drosophila_yakuba|Drosophila,CUU,U,9,6,4,4,long
URS00004F4052_7222|Drosophila_grimshawi|Drosophila,CUU,U,9,6,4,4,long
URS00004F4052_7230|Drosophila_mojavensis|Drosophila,CUU,U,9,6,4,4,long
URS00006FD6B3_6239|Caenorhabditis_elegans|Caenorhabditis,CUU,U,9,6,4,4,long
URS000073556F_9606|Homo_sapiens|Homo,CUU,U,9,6,4,4,long
URS00021A3664_29158|Mytilus_galloprovincialis|Mytilus,CUU,U,9,6,4,4,long
URS00006F0FC0_9606|Homo_sapiens|Homo,CUU,U,9,6,4,4,long
URS0000624339_10090|Mus_musculus|tRNA(Sec),CUU,U,9,6,4,4,long
URS00006CB2B8_7955|Danio_rerio|Danio,CUU,U,9,6,4,4,long
URS0000BE6003_280463|Emiliania_huxleyi|Emiliania,CUU,U,9,6,4,4,long
URS00000B7399_5680|Leishmania_shawi|Leishmania,CUU,U,9,6,4,4,long
URS00000B7399_651832|Leishmania_lindenbergi|Leishmania,CUU,U,9,6,4,4,long
URS00000B7399_5678|Leishmania_naiffi|Leishmania,CUU,U,9,6,4,4,long
URS00000B7399_653362|Leishmania_utingensis|Leishmania,CUU,U,9,6,4,4,long
URS0000504971_59799|Angomonas_deanei|Angomonas,CUU,U,9,6,4,4,long
URS0000D4B859_5661|Leishmania_donovani|Leishmania,CUU,U,9,6,4,4,long
URS0000D4B859_347515|Leishmania_major|Leishmania,CUU,U,9,6,4,4,long
URS0000D4B859_420245|Leishmania_braziliensis|Leishmania,CUU,U,9,6,4,4,long
URS0000B192F6_5694|Trypanosoma_equiperdum|Trypanosoma,CUU,U,9,6,4,4,long
