URS_ID,Sequence,Length,description,species,rna_type,so_rna_type_name,expert_db,length,genes,publications
URS00001DA281_9606,GCCCGGAUGAUCCUCAGUGGUCUGGGGUGCAGGCUUCAAACCUGUAGCUGUCUAGCGACAGAGUGGUUCAAUUCCACCUUUCGGGCG,87,Homo sapiens (human) tRNA-SeC (anticodon TCA) 1-1 (TRU-TCA1-1),Homo sapiens,tRNA,selenocysteinyl_tRNA,ENA; HGNC; GeneCards; MalaCards; GtRNAdb; PDBe,87,TRU-TCA1-1; tRNA-SeC-TCA-1-1; tRNA-Ser,120
URS0000C8E9EB_9606,GCUCGGAUGAUCCUCAGUGGUCUGGGGUGCAGGCUUCAAACCUGUAGCUGUCUAGUGACAGAGUGGUUCAAUUCCACCUUUGUA,84,Homo sapiens (human) tRNA-SeC (anticodon TCA) 2-1 (TRU-TCA2-1),Homo sapiens,tRNA,selenocysteinyl_tRNA,GtRNAdb; HGNC; GeneCards,84,TRU-TCA2-1; tRNA-SeC-TCA-2-1,7
URS00008FED48_9606,GGCCGGAUGAUCCUCAGUGGUCUGGGGUGCAGGCUUCAAACCUGUAGCUGUCUAGCGACAGAGUGGUUCAAUUCCACCUUUCGGGCGCCA,90,"selenocysteine tRNA from Homo sapiens (PDB 4RQF, chain C)",Homo sapiens,tRNA,selenocysteinyl_tRNA,PDBe,90,,18
URS000014E598_9606,GCCCGGAUGAUCCUCAGUGGUCUGGGGUGCAGGCUUCAAACCUGUAGCUGUCUAGCGACAGAGUGGUUCAAUUCCACCUUUCGGGCGCCA,90,"human Ser-tRNA-Sec from Homo sapiens (PDB 7ZJW, chain F)",Homo sapiens,tRNA,selenocysteinyl_tRNA,PDBe,90,,29
URS00006501FF_9606,GCUCGGAUGAUCCUCAGUGGUCUGGGGUGCAGGCUUCAAACCUGUAGCUGUCUAGUGACAGAGUGGUUCAAUUCCACCUUUGUAGGC,87,Homo sapiens (human) Selenocysteine transfer RNA,Homo sapiens,tRNA,selenocysteinyl_tRNA,Rfam,87,,11
URS000073556F_9606,GCUCGGAUGAUCCUCAGUGGUCUGGGGUGCAGGCUUCAAACCUGUAGCUGUCUAGUGACAGAGUGGUUCAAUUCCACCUUUGUAGG,86,Homo sapiens (human) Selenocysteine transfer RNA,Homo sapiens,tRNA,selenocysteinyl_tRNA,Rfam; ENA,86,tRNA-SeC-TCA-2-1,11
URS00006F0FC0_9606,GCCCGGAUGAUCCUCAGUGGUCUGGGGUGCAGGCUUCAAACCUGUAGCUGUCUAGCGACAGAGUGGUUCAAUUCCACCUUUCGGGC,86,Homo sapiens (human) Selenocysteine transfer RNA,Homo sapiens,tRNA,selenocysteinyl_tRNA,Rfam; ENA,86,tRNA-SeC-TCA-1-1,18
URS00004315E3_9606,GCCCGGAUGAUCCUCAGUGGUCUGGGGUGCAGGCUNCAAACCUGUAGCUGUCUAGCGACAGAGUGGUUCAAUUCCACCUUUCGGGCGCCA,90,Homo sapiens (human) tRNA-Ser,Homo sapiens,tRNA,selenocysteinyl_tRNA,ENA,90,,9
URS0000624339_10090,GCCCGGAUGAUCCUCAGUGGUCUGGGGUGCAGGCUUCAAACCUGUAGCUGUUUAGCGACAGAGUGGUUCAAUUCCACCUUUCGGGC,86,"tRNA(Sec) from Mus musculus (PDB 3RG5, chain B)",Mus musculus,tRNA,selenocysteinyl_tRNA,Rfam; ENA; PDBe,86,tRNA-SeC-TCA-1-1,17
URS000009B95D_6239,GCCCGGAUGAACCAUGGCGGUCUGUGGUGCAGACUUCAAAUCUGUAGGCGGUUAGCGCCGCAGUGGUUCGACUCCACCUUUCGGGUG,87,Caenorhabditis elegans tRNA-SeC (TCA) (tRNA-SeC-TCA-1-1),Caenorhabditis elegans,tRNA,selenocysteinyl_tRNA,ENA; GtRNAdb; Rfam,87,tRNA-SeC-TCA-1-1,58
URS00004CEF57_7227,GCCCCACUGAACUUCGGUGGUCCGGGGUGCGGACUUCAAAUCCGUAGUCGAUUUGCGUCGAAGUGGUUCGAUUCCACCUGGGGGGCG,87,Drosophila melanogaster (fruit fly) transfer RNA:Selenocysteine-TCA 1-1 (Dmel_CR30024),Drosophila melanogaster,tRNA,selenocysteinyl_tRNA,FlyBase; GtRNAdb; ENA,87,tRNA:SeC-TCA-1-1; tRNA-SeC-TCA-1-1; FBgn0011987,66
URS0000176051_10090,GCCCGGAUGAUCCUCAGUGGUCUGGGGUGCAGGCUUCAAACCUGUAGCUGUUUAGCGACAGAGUGGUUCAAUUCCACCUUUCGGGCG,87,Mus musculus tRNA-SeC (TCA) (tRNA-SeC-TCA-1-1),Mus musculus,tRNA,selenocysteinyl_tRNA,ENA; GtRNAdb,87,tRNA-SeC-TCA-1-1; Trsp,2
URS00006FD6B3_6239,GCCCGGAUGAACCAUGGCGGUCUGUGGUGCAGACUUCAAAUCUGUAGGCGGUUAGCGCCGCAGUGGUUCGACUCCACCUUUCGGGU,86,Caenorhabditis elegans tRNA-SeC(e),Caenorhabditis elegans,tRNA,selenocysteinyl_tRNA,Rfam; WormBase,86,K11H12.t1,9
URS00000692E6_7227,CGCCCCCCAGGUGGAAUCGAACCACUUCGACGCAAAUCGACUACGGAUUUGAAGUCCGCACCCCGGACCACCGAAGUUCAGUGGGGC,87,Drosophila melanogaster (fruit fly) tRNA-OTHER,Drosophila melanogaster,tRNA,selenocysteinyl_tRNA,ENA,87,,0
URS00006FD6F2_7227,GCCCCACUGAACUUCGGUGGUCCGGGGUGCGGACUUCAAAUCCGUAGUCGAUUUGCGUCGAAGUGGUUCGAUUCCACCUGGGGGGC,86,Drosophila melanogaster (fruit fly) Selenocysteine transfer RNA,Drosophila melanogaster,tRNA,selenocysteinyl_tRNA,Rfam,86,,9
URS00003B2198_10090,GCCCGGAUGAUCCUCAGUGGUCUGGGGUGCAGGCUUCAAACCUGUAGCUGUUUAGCGACAGAGUGGUUCAAUUCCACCUUUCGGGCGCCA,90,Mus musculus (house mouse) tRNA-Ser,Mus musculus,tRNA,selenocysteinyl_tRNA,ENA,90,,0
URS0002324047_7955,GUAGUCGUGGCCGAGUGGUUAAGGCGAUGGACUUCAAAUCCAUUGGGGUCUCCCCGCGCAGGUUUGAAUCCUGCCGACUAC,81,Danio rerio (zebrafish) Selenocysteine transfer RNA,Danio rerio,tRNA,selenocysteinyl_tRNA,Rfam,81,,9
URS00006CB2B8_7955,GCCCGGAUGAACCUCGGUGGUCCGGGGUGCAGGCUUCAAACCUGUAGCUGCCUAGCGGCAGAGUGGUUCAAUUCCACCUUUCGGGC,86,Danio rerio (zebrafish) Selenocysteine transfer RNA,Danio rerio,tRNA,selenocysteinyl_tRNA,Rfam,86,,9
URS000043400C_7955,GCCCGGAUGAACCUCGGUGGUCCGGGGUGCAGGCUUCAAACCUGUAGCUGCCUAGCGGCAGAGUGGUUCAAUUCCACCUUUCGGGCG,87,Danio rerio tRNA-SeC (TCA) (tRNA-SeC-TCA-1 1 to 3),Danio rerio,tRNA,selenocysteinyl_tRNA,ENA; GtRNAdb,87,tRNA[Ser]Sec-2; tRNA-SeC-TCA-1-2; tRNA[Ser]Sec-1; tRNA-SeC-TCA-1-1; tRNA-SeC-TCA-1-3,1
URS000232C248_7955,GCCCGGAUGAACCUCGGUGGUCCGGGGUGCAGGCUUCAAACCUGUAGCUGCCUAGCGGCAGAGUGGUUCAAUUCCACCUUUCGGGCGACU,90,Danio rerio (zebrafish) Selenocysteine transfer RNA,Danio rerio,tRNA,selenocysteinyl_tRNA,Rfam,90,,9
URS00002F9CDD_511145,GGAAGAUCGUCGUCUCCGGUGAGGCGGCUGGACUUCAAAUCCAGUUGGGGCCGCCAGCGGUCCCGGGCAGGUUCGACUCCUGUGAUCUUCCGCCA,95,Escherichia coli str. K-12 substr. MG1655 tRNA-SeC (TCA) (tRNA-SeC-TCA-1-1),Escherichia coli str. K-12 substr. MG1655,tRNA,selenocysteinyl_tRNA,ENA; GtRNAdb,95,selC; tRNA-SeC-TCA-1-1,2
URS0002318EF0_7227,GCCCCACUGAACUUCGGUGGUCCGGGGUGCGGACUUCAAAUCCGUAGUCGAUUUGCGUCGAAGUGGUUCGAUUCCACCUGGGGGGCGAAU,90,Drosophila melanogaster (fruit fly) Selenocysteine transfer RNA,Drosophila melanogaster,tRNA,selenocysteinyl_tRNA,Rfam,90,,9
URS0000EFA52B_5851,CGCACCGAAGGAGGAAUCGAACCUCUGCGCAGAAAUUCUACGCCAAAUGAUUUGAAGUCAUACUUAGCAACCAUGCUAACUCAUCGGUGC,90,Plasmodium knowlesi strain H tRNA tRNA,Plasmodium knowlesi strain H,tRNA,selenocysteinyl_tRNA,Ensembl Protists,90,EBG00000978132,0
URS00006C48DD_5855,GCACCGAUGAGUUAGCAUGGUUGUUAAGUAUGACUUCAAAUCAUAAGGCGUAGAAUUUCUGCGCAGAGGUUCGAUUCCUCCUUCGGUGCG,90,Plasmodium vivax (malaria parasite P. vivax) tRNA Selenocysteine,Plasmodium vivax,tRNA,selenocysteinyl_tRNA,ENA,90,PVC01_120072900; PVPAM_120074000; PVT01_120073200,0
URS0000EFA197_296543,GUGAGAAAGGUGGAAUUGAACCACUGGGCCGCUAAGCCCCUACAGGUUUGAAGCCUGCACCCACCACCAGGCGGGAUCAUUCUCAC,86,Thalassiosira pseudonana CCMP1335 tRNA tRNA-Sec,Thalassiosira pseudonana CCMP1335,tRNA,selenocysteinyl_tRNA,Ensembl Protists,86,EBG00005230068,58
URS000027CA7B_36329,CAAUGCACCGAUGAGUUAGCAUGGUUGCUAAGUAUGACUUCAAAUCAUUUGGCGUAGUUUUUCUGCGCAGAGGUUCGAUUCCUCCUUCGGUGCGACGAGCACCAA,105,Plasmodium falciparum 3D7 tRNA Selenocysteine,Plasmodium falciparum 3D7,tRNA,selenocysteinyl_tRNA,Ensembl Protists,105,PF3D7_1438200,21
URS0000EFA438_5851,GCACCGAAGGAGGAAUCGAACCUCUGCGCAGAAAUUCUACGCCAAAUGAUUUGAAGUCAUACUUAGCAACCAUGCUAACUCAUCGGUGC,89,Plasmodium knowlesi strain H tRNA tRNA-Sec,Plasmodium knowlesi strain H,tRNA,selenocysteinyl_tRNA,Ensembl Protists,89,EBG00000978135,58
URS0000BE9D73_74869,GGAAGAUCCUCGUCCCCGGUGGGGCGGCUGGACUUCAAAUCCAGUUGGGGCCGCCAGCGGUCCUGGGCAGGUUCGACUCCUGUGAUCUUCC,91,Anopheles maculatus (Mosquito) tRNA tRNA-SeC(p),Anopheles maculatus,tRNA,selenocysteinyl_tRNA,Ensembl Metazoa,91,AMAM024355,9
URS00005A30CB_693216,GGAAGAUCGUCGUCUCCGGUGAGGCGGCUGGACUUCAAAUCCAGUUGGGGCCGCCAGCGGUCCCGGGCAGGUUCGACUCCUGUGAUCUUCC,91,Cronobacter turicensis z3032 tRNA,Cronobacter turicensis z3032,tRNA,selenocysteinyl_tRNA,ENA,91,tRNA,0
URS00002C228D_201089,GGAAGUGCGCAGUUCACUGGUGGGGCUCCCGGACUUCAAAUCCGGUGUGGGGCGCUAAUACCGUCCCGGGUGGGUUCGAUUCCCAUGCACUUCCGCC,97,uncultured Desulfobacterium sp. tRNA,uncultured Desulfobacterium sp.,tRNA,selenocysteinyl_tRNA,ENA,97,tRNA,0
URS00000F9174_913028,GGAAGAUCAUCGUCCCCGGUGGGGCGGCUGGACUUCAAAUCCAGAUGGGGCCGCCAGCGGUCCCUGGCAGGUUCGACUCCUGUGAUCUUCC,91,Yersinia enterocolitica W22703 tRNA,Yersinia enterocolitica W22703,tRNA,selenocysteinyl_tRNA,ENA,91,tRNA,0
URS000047201F_46245,GCCUCACUGAGCUUCGGUGGUCCGGGGUGCGGACUUCAAAUCCGUAGUCGAUUAGCGUCGAAGUGGUUCGAUUCCACCUGUGGGGC,86,Drosophila pseudoobscura pseudoobscura (Fruit fly) tRNA Dpse	RNA:GA29764,Drosophila pseudoobscura pseudoobscura,tRNA,selenocysteinyl_tRNA,Rfam; Ensembl Metazoa,86,FBgn0254821,9
URS00000D8D92_7217,GCCCCACUGAGCUUCGGUGGUCCGGGGUGCGGACUUCAAAUCCGUAGUCGAUUAGCGUCGAAGUGGUUCGAUUCCACCUGGGGGGC,86,Drosophila ananassae (Fruit fly) tRNA Dana	RNA:GF25935,Drosophila ananassae,tRNA,selenocysteinyl_tRNA,Ensembl Metazoa; ENA; Rfam,86,FBgn0251526; Dana\tRNA:GF25935,9
URS00000D8D92_7220,GCCCCACUGAGCUUCGGUGGUCCGGGGUGCGGACUUCAAAUCCGUAGUCGAUUAGCGUCGAAGUGGUUCGAUUCCACCUGGGGGGC,86,Drosophila erecta (Fruit fly) tRNA Dere	RNA:GG25829,Drosophila erecta,tRNA,selenocysteinyl_tRNA,Ensembl Metazoa; ENA,86,FBgn0252286; Dere\tRNA:GG25829,0
URS00000D8D92_7245,GCCCCACUGAGCUUCGGUGGUCCGGGGUGCGGACUUCAAAUCCGUAGUCGAUUAGCGUCGAAGUGGUUCGAUUCCACCUGGGGGGC,86,Drosophila yakuba (Fruit fly) tRNA Dyak	RNA:GE26939,Drosophila yakuba,tRNA,selenocysteinyl_tRNA,Ensembl Metazoa; ENA,86,FBgn0258756; Dyak\tRNA:GE26939,0
URS00004F4052_7222,GCCCCACUGAGCUUCGGUGGUCCGGGGUGCGGACUUCAAAUCCGUAGUCGAUUAACGUCGAAGUGGUUCGAUUCCACCUGGGGGGC,86,Drosophila grimshawi (Fruit fly) tRNA Dgri	RNA:GH25728,Drosophila grimshawi,tRNA,selenocysteinyl_tRNA,Rfam; Ensembl Metazoa; ENA,86,FBgn0253000; Dgri\tRNA:GH25728,9
URS000052E9CE_7244,GCCCCACUGAGCUUCGGUGGUCCGGGGUGCGGACUUCAAAUCCGCAGUCGAUUAACGUCGAAGUGGUUCGAUUCCACCUGGGGGGC,86,Drosophila virilis (Fruit fly) tRNA Dvir	RNA:GJ25178,Drosophila virilis,tRNA,selenocysteinyl_tRNA,Rfam; Ensembl Metazoa; ENA,86,FBgn0257012; Dvir\tRNA:GJ25178,9
URS00004F4052_7230,GCCCCACUGAGCUUCGGUGGUCCGGGGUGCGGACUUCAAAUCCGUAGUCGAUUAACGUCGAAGUGGUUCGAUUCCACCUGGGGGGC,86,Drosophila mojavensis (Fruit fly) tRNA Dmoj	RNA:GI25301,Drosophila mojavensis,tRNA,selenocysteinyl_tRNA,Rfam; Ensembl Metazoa; ENA,86,Dmoj\tRNA:GI25301; FBgn0253600,9
URS0000496CAE_7238,GCCCCACUGAGCUUCGGUGGUCCGGGGUGCGGACUUCAAAUCCGUAGUCGAUUUGCGUCGAAGUGGUUCGAUUCCACCUGGGGGGC,86,Drosophila sechellia (Fruit fly) tRNA Dsec	RNA:GM27433,Drosophila sechellia,tRNA,selenocysteinyl_tRNA,Rfam; Ensembl Metazoa; ENA,86,FBgn0255566; Dsec\tRNA:GM27433,9
URS000047201F_7234,GCCUCACUGAGCUUCGGUGGUCCGGGGUGCGGACUUCAAAUCCGUAGUCGAUUAGCGUCGAAGUGGUUCGAUUCCACCUGUGGGGC,86,Drosophila persimilis (Fruit fly) tRNA Dper	RNA:GL27829,Drosophila persimilis,tRNA,selenocysteinyl_tRNA,Rfam; ENA; Ensembl Metazoa,86,Dper\tRNA:GL27829; FBgn0254230,9
URS0000A6C2CA_5821,AUCGAUGAGUUAGCAUGGUUGCUAAAGAUGACUUCAAAUCAUUUGGUGUAGGGUCACUGCACAGAGGUUCGAUUCCUCCUUCGGUGC,87,Plasmodium berghei seC transfer RNA (tca),Plasmodium berghei,tRNA,selenocysteinyl_tRNA,ENA,87,PBSP11RLL_000351700; PBNK65E_000351500; PBK173_000362800; PBNK65NY_000351100; PBSP11A_000351700,0
URS0000D4B859_5661,CGCGAUGAGCUCAGCUGGUGCUGGGUGCGGGCUUCAAACCCGUAGGUGAGUUGCUCUCACAGCCGUUCGAUUCGGCCUUCGUGGC,85,Leishmania donovani tRNA-Sec,Leishmania donovani,tRNA,selenocysteinyl_tRNA,ENA,85,LDHU3_TRNA.06.001,0
URS00009DE517_5826,ACCGAUGAGUUAGCAUGGUUGCUAAAGAUGACUUCAAAUCAUUUGGUGUAGGUCACUGCACAGAGGUUCGAUUCCUCCUUCGGUGC,86,Plasmodium chabaudi adami seC transfer RNA (tca),Plasmodium chabaudi adami,tRNA,selenocysteinyl_tRNA,ENA,86,PCHDK_000356700; PCHDS_000355400,0
URS00009DE517_31271,ACCGAUGAGUUAGCAUGGUUGCUAAAGAUGACUUCAAAUCAUUUGGUGUAGGUCACUGCACAGAGGUUCGAUUCCUCCUUCGGUGC,86,Plasmodium chabaudi chabaudi seC transfer RNA (tca),Plasmodium chabaudi chabaudi,tRNA,selenocysteinyl_tRNA,ENA,86,PCHAJ_000353800; PCHCB_000356500,0
URS0000D4B859_347515,CGCGAUGAGCUCAGCUGGUGCUGGGUGCGGGCUUCAAACCCGUAGGUGAGUUGCUCUCACAGCCGUUCGAUUCGGCCUUCGUGGC,85,Leishmania major strain Friedlin tRNA_selenocysteine,Leishmania major strain Friedlin,tRNA,selenocysteinyl_tRNA,ENA,85,LMJFC_06.tRNA.0070,0
URS00000B7399_5680,GCCGCGAUGAGCUCAGCUGGUGCUGGGUGCGGGCUUCAAACCCGUAGGUGAGUUGCUCUCACAGCCGUUCGAUUCGGCCUUCGUGGCG,88,Leishmania shawi SeC transfer RNA (tca),Leishmania shawi,tRNA,selenocysteinyl_tRNA,ENA,88,Lsha_S1545_000114500; Lsha_S3481_000119600,0
URS0000504971_59799,GCCGCGAUGAGCUCAACUGGUGUUGGGUGCGGGCUUCAAACCCGUAGGUGAGUAGCACUCACAGCCGUUCGAUUCGGCCUUCGUGGCG,88,Angomonas deanei SeC transfer RNA (tca),Angomonas deanei,tRNA,selenocysteinyl_tRNA,ENA,88,ADEAN_000261000; ADEAN_000069900,0
URS0000A52F5E_36330,ACCGAUGAGUUAGCAUGGUUGCUAAGAAUGACUUCAAAUCAUUCGGCGUAGGUUUACUGCGCAGAGGUUCGAUUCCUCCUUCGGUGC,87,Plasmodium ovale (malaria parasite P. ovale) seC transfer RNA (tca),Plasmodium ovale,tRNA,selenocysteinyl_tRNA,ENA,87,PowCR01_120069800,0
URS0000BF6A53_1317065,GCAGGGGUGAUCUUGGCUGGUGCUGAGUGCAGACUUCAAAUCUGUAGGCCAUUCGCUUGGCAGGAGUUCGAUUCUCCCUCGCUUGC,86,Phytophthora parasitica P1569 selenocysteine transfer RNA,Phytophthora nicotianae P1569,tRNA,selenocysteinyl_tRNA,Rfam; Ensembl Protists,86,EPrParaG00000013214,67
URS0000C50FBB_905079,GCCCCGAUGAUCCUGGCUGGCGCUGGGGCUGGACUUCAAAUCCAGUGAGGGUUGACGCCCUAGAGGUUCGAUUCCUCCUUCGAGGC,86,Guillardia theta CCMP2712 selenocysteine transfer RNA,Guillardia theta CCMP2712,tRNA,selenocysteinyl_tRNA,Ensembl Protists; Rfam,86,EPrGthG00000013273,67
URS0000EFA563_1223558,GCAGGCGUGAUCUUGGCUGGUGCUGUGUGCAGACUUCAAAUCUGUAGGCCAUUCGCGUGGCAGUGGUUCGAUUCCACCUCACCUGC,86,Pythium iwayamai DAOM BR242034 selenocysteine transfer RNA,Globisporangium iwayamae DAOM BR242034,tRNA,selenocysteinyl_tRNA,Ensembl Protists,86,EPrPIwa00000013090,58
URS0000EFA0F4_1254522,GCAGGAGUGAUCUUGGCUGGUGCUGGGUGCAGACUUCAAAUCUGUAGGCCAUUCGUUUGGCAGGAGUUCGAUUCUCCCUCGCCUGC,86,Phytophthora lateralis MPF4 selenocysteine transfer RNA,Phytophthora lateralis MPF4,tRNA,selenocysteinyl_tRNA,Ensembl Protists,86,EPrPlatG00000013098,58
URS0000EFA232_347515,GCCACGAAGGCCGAAUCGAACGGCUGUGAGAGCAACUCACCUACGGGUUUGAAGCCCGCACCCAGCACCAGCUGAGCUCAUCGCGGC,87,Leishmania major selenocysteine transfer RNA,Leishmania major strain Friedlin,tRNA,selenocysteinyl_tRNA,Ensembl Protists,87,ENSRNAG00049765377,58
URS0000EFA428_1284355,GCAGGGGUGAUCUUAGCUGGUGCUGUGUGCAGACUUCAAAUCUGUAGGCCAUUCGCGUGGCAGGAGUUCGAUUCUCCCUCCCGUGC,86,Phytophthora kernoviae 00238/432 selenocysteine transfer RNA,Phytophthora kernoviae 00238/432,tRNA,selenocysteinyl_tRNA,Ensembl Protists,86,EPrPkerG00000013090,58
URS0000BE6003_280463,GCCGGGGUGAGCCUCGCUGGUGCGGGGUGCAGACUUCAAAUCUGUAGACGCCUAAUAAGCGUAAUCGUUCGAUUCGAUCUCACCGGC,87,Emiliania huxleyi CCMP1516 selenocysteine transfer RNA,Emiliania huxleyi CCMP1516,tRNA,selenocysteinyl_tRNA,Ensembl Protists,87,EPrEHUG00000000007; EPrEHUG00000000083; EPrEHUG00000000217,58
URS00000B7399_651832,GCCGCGAUGAGCUCAGCUGGUGCUGGGUGCGGGCUUCAAACCCGUAGGUGAGUUGCUCUCACAGCCGUUCGAUUCGGCCUUCGUGGCG,88,Leishmania lindenbergi SeC transfer RNA (tca),Leishmania lindenbergi,tRNA,selenocysteinyl_tRNA,ENA,88,IOCL2690_000122600,0
URS00000B7399_5678,GCCGCGAUGAGCUCAGCUGGUGCUGGGUGCGGGCUUCAAACCCGUAGGUGAGUUGCUCUCACAGCCGUUCGAUUCGGCCUUCGUGGCG,88,Leishmania naiffi SeC transfer RNA (tca),Leishmania naiffi,tRNA,selenocysteinyl_tRNA,ENA,88,IOCL1365_000110800,0
URS00000B7399_653362,GCCGCGAUGAGCUCAGCUGGUGCUGGGUGCGGGCUUCAAACCCGUAGGUGAGUUGCUCUCACAGCCGUUCGAUUCGGCCUUCGUGGCG,88,Leishmania utingensis SeC transfer RNA (tca),Leishmania utingensis,tRNA,selenocysteinyl_tRNA,ENA,88,IOCL2689_000118600,0
URS0000B192F6_5694,CCACGAUGAGCUCAGCUGGUGCUGGGUGCGGGCUUCAAACCCGUAGGCGAGUUGGACUCGCAGCCGUUCGAUUCGGCCUUUGUGGU,86,Trypanosoma equiperdum seC transfer RNA (tca),Trypanosoma equiperdum,tRNA,selenocysteinyl_tRNA,ENA,86,TEOVI_000749200,0
URS000096B318_7209,GCCUGGAUGAAUCUCGGUGGUCCGAGAUGCAGGCUUCAAACCUGCAGCCGUCUAGCGACGGAGUGGUUCGAUUCCGCCUUCUGGGU,86,Loa loa (Eye worm) selenocysteine transfer RNA,Loa loa,tRNA,selenocysteinyl_tRNA,Ensembl Metazoa; Rfam,86,EMLLOG00000000272,67
URS000063E0DB_6945,GCCCAGACGAUCUCCGGUGGUCCGGGGUGCGGGCUUCAAACCCGUAGCUGACUGACGUCAGAGUGGUUCGAUUCCACCUUCUGGGC,86,Ixodes scapularis (Black-legged tick) tRNA-SeC(e) for anticodon UCA,Ixodes scapularis,tRNA,selenocysteinyl_tRNA,Rfam; Ensembl Metazoa,86,ISCI030049,9
URS000197EBEF_6945,GCCCAGACGAUCUCCGGUGGUCCGGGGUGCGGGCUUCAAACCCGUACCUGACUGACGUCAGAGUGGUUCGAUUCCACCUUCUGGGC,86,Ixodes scapularis (Black-legged tick) tRNA-SeC(e) for anticodon UCA,Ixodes scapularis,tRNA,selenocysteinyl_tRNA,Ensembl Metazoa,86,ISCI027026,0
URS000197E0D4_6945,GCCCAGACGAUCUCCGGUGGUCCGGGGUUCGGGCUUCAAACCCGUAGCUGACUGACGUCAGAGUGGUUCGAUUCCACCUUCUGGGC,86,Ixodes scapularis (Black-legged tick) tRNA-SeC(e) for anticodon UCA,Ixodes scapularis,tRNA,selenocysteinyl_tRNA,Ensembl Metazoa,86,ISCI028818,0
URS0000177E81_39946,GGAAGAUCCUCGUCCCCGGUGGGGCGGCCGGACUUCAAAUCCGGUUGGGGCCGCCAGCGGUCCUGGGCAGGUUCGACUCCUGUGAUCUUCC,91,Oryza sativa Indica Group (Indian rice) tRNA-SeC(p) for anticodon UCA,Oryza sativa Indica Group,tRNA,selenocysteinyl_tRNA,Ensembl Plants; Rfam,91,ENSRNA049492488,9
URS000197CDD6_442651,GCCCAACUGAGCUUCGGUGGUCCGGGGUGCAGGCUUCAAACCUGUAGCUGCUUAGCGGCAGAGUGGUUCGAUUCCACCUGGUGGGC,86,Hofstenia miamia (Panther worm) tRNA-SeC(e) for anticodon UCA,Hofstenia miamia,tRNA,selenocysteinyl_tRNA,Ensembl Metazoa,86,HMIM023210; HMIM023211,0
URS0000668642_562,GAAGAUCGUCGUCUCCGGUGAGGCGGCUGGACUUCAAAUCCAGUUGGGGCCGCCAGCGGUCCCGGGCAGGUUCGACUCCUGUGAUCUUCC,90,Escherichia coli tRNA,Escherichia coli,tRNA,selenocysteinyl_tRNA,MGNIFY; Rfam; ENA,90,,57
URS0000296430_6945,GCCCAGACGAUCUCCGGUGGUCCGGGGUGCGGGCUUCAAACCCGUAGCUGAUUGACGUCAGAGUGGUUCGAUUCCACCUUCUGGGC,86,Ixodes scapularis (Black-legged tick) tRNA-SeC(e) for anticodon UCA,Ixodes scapularis,tRNA,selenocysteinyl_tRNA,Ensembl Metazoa; ENA; Rfam,86,ISCI031279,9
URS0000603899_352472,UGAUCGCUAUCUGGGGAUGCGUGUGGACUUCAAAUCCAUAGCUCGAUAACUCGAGAGUUGUUCGAUUCAACCUGACGCGCG,81,Dictyostelium discoideum AX4 selenocysteine transfer RNA,Dictyostelium discoideum AX4,tRNA,selenocysteinyl_tRNA,Ensembl Protists; DictyBase; ENA,81,tRNA-Sec-UGA; DDB_G0302695,0
URS000037ED7F_6945,GCCCAGACGAUCUCCGGUGGUCCGGGGUGCGGUCUUCAAACCCGUAGCUGACUGACGUCAGAGUGGUUCGAUUCCACCUUCUGGGC,86,Ixodes scapularis (Black-legged tick) tRNA-SeC(e) for anticodon UCA,Ixodes scapularis,tRNA,selenocysteinyl_tRNA,Rfam; ENA; Ensembl Metazoa,86,ISCI030504,9
URS000017E011_759914,UGGAGGUAGAUGAGUCCCGGUGGGCUCCGCGCUCUUCAAAAGCGUUGGACGUUAUAGCAACGUUGGCAGGUUCAACUCCUGCCUCUUCCGA,91,Brachyspira pilosicoli 95/1000 tRNA-Sec,Brachyspira pilosicoli 95/1000,tRNA,selenocysteinyl_tRNA,ENA,91,tRNA,0
URS0000D4B859_420245,CGCGAUGAGCUCAGCUGGUGCUGGGUGCGGGCUUCAAACCCGUAGGUGAGUUGCUCUCACAGCCGUUCGAUUCGGCCUUCGUGGC,85,Leishmania braziliensis MHOM/BR/75/M2904 tRNA,Leishmania braziliensis MHOM/BR/75/M2904,tRNA,selenocysteinyl_tRNA,ENA,85,,0
URS000004BB47_562,CGGAAGAUCGUCGUCUCCGGUGAGGCGGCUGGACUUCAAAUCCAGUUGGGGCCGCCAGCGGUCCCGGGCAGGUUCGACUCCUGUGAUCUUCCGCC,95,Escherichia coli tRNA,Escherichia coli,tRNA,selenocysteinyl_tRNA,ENA,95,selC,0
URS0000CDCE69_647221,UAAUGCACCGAUGAGUUAGCAUGGUUGCUAAGUAUGACUUCAAAUCAUUUGGCGUAGUUUUUCUGCGCAGAGGUUCGAUUCCUCCUUCGGUGCGAAUAGCACAAC,105,Plasmodium gaboni tRNA Selenocysteine,Plasmodium gaboni,tRNA,selenocysteinyl_tRNA,ENA,105,,0
URS0000ED0590_287,GGAAGGCAAUCACGCCCGGUGGCGUGGCCGGACUUCAAAAUCCGGUGGGGGACGGCAGCCGUUCCUGGGUGGGUUCGACUCCCACUGCCUUCCGCCA,97,Pseudomonas aeruginosa tRNA-???(tcaa),Pseudomonas aeruginosa,tRNA,selenocysteinyl_tRNA,ENA,97,,0
URS0000B02643_85471,AAGUGCACCGAUGAUUUAGCAUGGUUGCUAAGUAUGACUUCAAAUCAUUUGGCGUAGAGCUACUGCGCAGAGGUUCGAUUCCUCCUUCGGUGCGUUUUUUUGUGAA,106,Plasmodium relictum tRNA Selenocysteine,Plasmodium relictum,tRNA,selenocysteinyl_tRNA,ENA,106,,0
URS00005FE6AC_5861,GCACCGAUGAGUUAGCAUGGUUGCUAAAGAUGACUUCAAAUCAUUUGGUGUAGGUCACUGCACAGAGGUUCGAUUCCUCCUUCGGUGCG,89,Plasmodium yoelii tRNA Selenocysteine,Plasmodium yoelii,tRNA,selenocysteinyl_tRNA,ENA,89,,0
URS0000AC0DEF_5849,UAAGUUGCACCGAUGAUUUAGCAUGGUUGCUAAGUAUGACUUCAAAUCAUUUGGCGUAGUGACACUGCGCAGAGGUUCGAUUCCUCCUUCGGUGCGGUAGAUAAAA,106,Plasmodium gallinaceum tRNA Selenocysteine,Plasmodium gallinaceum,tRNA,selenocysteinyl_tRNA,ENA,106,,0
URS0000DF2507_2078785,GGAAGGCAAUCGCGCCCGGUGGCGCGGCCGGGCUUCAAACCCGGUUGGGGACGGCAGCCGUUCCUGGGCAGGUUCGACUCCCGCUGCCUUCCGCCA,96,Pseudomonas sp. JV241A SeC tRNA,Pseudomonas sp. JV241A,tRNA,selenocysteinyl_tRNA,ENA,96,,0
URS0000CF631C_720590,CAAUGCACCGAUGAGUUAGCAUGGUUGCUAAGUAUGACUUCAAAUCAUUUGGCGUAGUUUUCCUGCGCAGAGGUUCGAUUCCUCCUUCGGUGCGACGAGCACCAA,105,Plasmodium sp. DRC-Itaito tRNA Selenocysteine,Plasmodium sp. DRC-Itaito,tRNA,selenocysteinyl_tRNA,ENA,105,,0
URS000062C4CA_5823,GCAUCGAUGAGUUAGCAUGGUUGCUAAAGAUGACUUCAAAUCAUUUGGUGUAGGGUCACUGCACAGAGGUUCGAUUCCUCCUUCGGUGCG,90,Plasmodium berghei ANKA tRNA Selenocysteine,Plasmodium berghei ANKA,tRNA,selenocysteinyl_tRNA,ENA,90,,0
URS00005FE6AC_31271,GCACCGAUGAGUUAGCAUGGUUGCUAAAGAUGACUUCAAAUCAUUUGGUGUAGGUCACUGCACAGAGGUUCGAUUCCUCCUUCGGUGCG,89,Plasmodium chabaudi chabaudi tRNA PCHAS_130542,Plasmodium chabaudi chabaudi,tRNA,selenocysteinyl_tRNA,Ensembl Protists; ENA,89,PCHAS_130542,0
URS0000A655CB_720590,UAAUGCACCGAUGAGUUAGCAUGGUUGCUAAGUAUGACUUCAAAUCAUUUGGCGUAGUUUUUCUGCGCAGAGGUUCGAUUCCUCCUUCGGUGCGAAUAGCACAAU,105,Plasmodium sp. DRC-Itaito tRNA Selenocysteine,Plasmodium sp. DRC-Itaito,tRNA,selenocysteinyl_tRNA,ENA,105,,0
URS000064448A_5851,GCACCGAUGAGUUAGCAUGGUUGCUAAGUAUGACUUCAAAUCAUUUGGCGUAGAAUUUCUGCGCAGAGGUUCGAUUCCUCCUUCGGUGCG,90,Plasmodium knowlesi strain H tRNA Selenocysteine,Plasmodium knowlesi strain H,tRNA,selenocysteinyl_tRNA,ENA,90,,0
URS00004B84D6_287,GAAGGCAAUCACGCCCGGUGGCGUGGCCGGACUUCAAAUCCGGUGGGGGACGGCAGCCGUUCCUGGGUGGGUUCGACUCCCACUGCCUUCCG,92,Pseudomonas aeruginosa partial Sec tRNA,Pseudomonas aeruginosa,tRNA,selenocysteinyl_tRNA,ENA,92,,0
URS000012883F_69218,GGAAGAUCGUCAUCUCCGGUGAGGUGGCUGGACUUCAAAUCCAGUUGGGGGCGCCAGCGUUCCCGGGCAGGUUCGACUCCUGUGAUCUUCC,91,Enterobacter cancerogenus SeC(p) tRNA,Enterobacter cancerogenus,tRNA,selenocysteinyl_tRNA,ENA,91,,0
URS0000CD1D1C_880536,UUAUGCACCGAUGAGUUAGCAUGGUUGCUAAGUAUGACUUCAAAUCAUUUGGCGUAGUUUUUCUGCGCAGAGGUUCGAUUCCUCCUUCGGUGCGAAGAGCGCCAA,105,Plasmodium sp. gorilla clade G3 tRNA Selenocysteine,Plasmodium sp. gorilla clade G3,tRNA,selenocysteinyl_tRNA,ENA,105,,0
URS0000D0C34A_880534,CAAUGCACCGAUGAGUUAGCAUGGUUGCUAAGUAUGACUUCAAAUCAUUUGGCGUAGUUUUUCUGCGCAGAGGUUCGAUUCCUCCUUCGGUGCGACUGGCACCAA,105,Plasmodium sp. gorilla clade G1 tRNA Selenocysteine,Plasmodium sp. gorilla clade G1,tRNA,selenocysteinyl_tRNA,ENA,105,,0
URS0000D4B4EE_880535,UAAUGCACCGAUGAGUUAGCAUGGUUGCUAAGUAUGACUUCAAAUCAUUUGGCGUAGUUUUUCUGCGCAGAGGUUCGAUUCCUCCUUCGGUGCGAAAUAGCACAAG,106,Plasmodium sp. gorilla clade G2 tRNA Selenocysteine,Plasmodium sp. gorilla clade G2,tRNA,selenocysteinyl_tRNA,ENA,106,,0
URS000009CF36_2773264,GGAAGAUCAUCGUCCCCGGUGGGGCGGCCGGACUUCAAAUCCGGUUGGGGCCGCCAGCGGUCCCGGGCAGGUUCGACUCCUGUGAUCUUCC,91,Serratia sp. Tan611 SeC(p) tRNA,Serratia sp. Tan611,tRNA,selenocysteinyl_tRNA,ENA,91,,0
URS000080DE1A_2320,GGCCGCCGCCACCGGGGUGGUCCCCGGGCCGGACUUCAGAUCCGGCGCGCCCCGAGUGGGGCGCGGGGUUCAAUUCCCCGCGGCGGCCGCCA,92,"selenocysteine tRNA from Methanopyrus kandleri (PDB 3ADB, chain C)",Methanopyrus kandleri,tRNA,selenocysteinyl_tRNA,PDBe,92,,12
URS000027138B_8355,GCCCGGAUGACCCUCAGUGGUCUGGGGUGCAGGCUUCAAACCUGUAGCUGUCUAGCGACAGAGUGGUUCAAUUCCACCUUUCGGGCGAGGGCUUCUCCUUUUU,103,Xenopus laevis (African clawed frog) selenocysteine tRNA SEC,Xenopus laevis,tRNA,selenocysteinyl_tRNA,ENA,103,tRNA-Ser SEC,0
URS000041EA00_177439,GAAGUGGACGGAGCACUGGUGGCUCCCCCGGAUUUCAAAUCCGGUGUAACGGGUUAAUAGCUCGUUAGGUGGGUUCGAUUCCCAUGCACUUCCG,94,Desulfotalea psychrophila LSv54 Predicted SeC(p) trna,Desulfotalea psychrophila LSv54,tRNA,selenocysteinyl_tRNA,ENA,94,tRNA-SeC(p),0
URS000012883F_546,GGAAGAUCGUCAUCUCCGGUGAGGUGGCUGGACUUCAAAUCCAGUUGGGGGCGCCAGCGUUCCCGGGCAGGUUCGACUCCUGUGAUCUUCC,91,Citrobacter freundii SeC(p) tRNA,Citrobacter freundii,tRNA,selenocysteinyl_tRNA,ENA,91,,0
URS0000791279_5823,UGUUGCAUCGAUGAGUUAGCAUGGUUGCUAAAGAUGACUUCAAAUCAUUUGGUGUAGGGUCACUGCACAGAGGUUCGAUUCCUCCUUCGGUGCGAAUAUGAAAU,104,Plasmodium berghei ANKA tRNA berg13:tRNA:rfamscan:116536-116639,Plasmodium berghei ANKA,tRNA,selenocysteinyl_tRNA,Ensembl Protists,104,berg13:tRNA:rfamscan:116536-116639,0
URS0000B075AC_5858,AAUUGCACCGAUGAGUUAGCAUGGUUGCUAAGUGUGACUUCAAAUCAUUUGGCGUAAGUUCUUUGCGCAGAGGUUCGAUUCCUCCUUCGGUGCGUAUUGAUAUAUA,106,Plasmodium malariae tRNA,Plasmodium malariae,tRNA,selenocysteinyl_tRNA,ENA,106,,0
URS0003410CE8_135740,GGAAGAGAAUCGUCCCCGGUGGGGCGGCCGGACUUCAAAUCCGGUUGGGGCAGUGAGCCUGUCCCGGGUGGGUUCGACUCCCACUCUCUUCCGCCA,96,Paracoccus kondratievae tRNA,Paracoccus kondratievae,tRNA,selenocysteinyl_tRNA,MGNIFY,96,,0
URS000341C1CD_876,GGGAGCGUUUCGUCACCGGUGUGACGCCCGGUCUUCAAAACCGGCGGCAGGCCUGACCGCCUGCGGUAGGUUCGACCCCUAUGCGCUCCCGCCA,94,Desulfovibrio desulfuricans tRNA,Desulfovibrio desulfuricans,tRNA,selenocysteinyl_tRNA,MGNIFY,94,,0
URS0002FF090D_157784,GGAAGGCAAUCACGCCCGGUGGCGUGGCCGGGCUUCAAACCCGGUUGGGGACGGCAGCCGUUCCUGGGUAGGUUCGACUCCUACUGCCUUCCGCCA,96,Zestomonas thermotolerans tRNA,Zestomonas thermotolerans,tRNA,selenocysteinyl_tRNA,MGNIFY,96,,0
URS000340FE24_88431,GGGGGUAGUUGGGUAACUGGUGUGCCUCCUAGUCUUCAAAACUAGUGUAGGGCGUUAAGAACGUCCUGGGUGGGUUCGAUUCCCACAUGCCUCCGCCA,98,Dorea longicatena tRNA,Dorea longicatena,tRNA,selenocysteinyl_tRNA,MGNIFY,98,,0
URS00005FE6AC_5860,GCACCGAUGAGUUAGCAUGGUUGCUAAAGAUGACUUCAAAUCAUUUGGUGUAGGUCACUGCACAGAGGUUCGAUUCCUCCUUCGGUGCG,89,Plasmodium vinckei tRNA,Plasmodium vinckei,tRNA,selenocysteinyl_tRNA,ENA,89,,0
URS0000A0E1AC_165190,GGGAACGGAUGGGCUCCGGUGGGCUCCGCGGUCCUCAAAACCGUUGCGAGGCGUGCAAAACGUCUUGGAUGUGUUCGAUUCACAUACGUUCCCGCCA,97,uncultured Collinsella sp. tRNA,uncultured Collinsella sp.,tRNA,selenocysteinyl_tRNA,MGNIFY,97,,0
URS00019C5548_2963089,GGAGGCGGAUAAGUGCUGGUGUGCUUCGCGGUCUUCAAAACCGUUGUGGGGAGUUAGCAGCUUCCCGGAUGGGUUCGAUUCCCAUCCCCUCCG,93,uncultured Bilifractor sp. tRNA,uncultured Bilifractor sp.,tRNA,selenocysteinyl_tRNA,MGNIFY,93,,0
URS000014E598_9913,GCCCGGAUGAUCCUCAGUGGUCUGGGGUGCAGGCUUCAAACCUGUAGCUGUCUAGCGACAGAGUGGUUCAAUUCCACCUUUCGGGCGCCA,90,Bos taurus (cattle) tRNA,Bos taurus,tRNA,selenocysteinyl_tRNA,ENA,90,,0
URS0002254DFE_167968,GGGGGUGUUUCGUCACCGGUGUGGCGCCCAGUCCUCAAAACUGGUGUCAGGCUGAAAGGUCUGAGGUAGGUUCGACUCCUAUGCGCCUCCGCCA,94,uncultured Desulfovibrio sp. tRNA,uncultured Desulfovibrio sp.,tRNA,selenocysteinyl_tRNA,MGNIFY,94,,0
URS0003410408_1904483,GGAGGCGGAAAGGUAACUGGUGUGCCUCCUGGUCUUCAAAACCAGUGUUGGGCGUGAGAGCGUCCUGGGUGAGUUCGAUUCUCACACGCCUUCGCCA,97,sheep gut metagenome tRNA,sheep gut metagenome,tRNA,selenocysteinyl_tRNA,MGNIFY,97,,0
URS000340EF63_3031937,GGGAGCGGACAGGCGCUGGUGUGUCUCCCGGUCUUCAAAACCGGUGUGGGGCGGAGACGUCCCGGAUGAGUUCAAUUCUCAUACGCUUCCGCCA,94,uncultured Chordicoccus sp. tRNA,,tRNA,selenocysteinyl_tRNA,MGNIFY,94,,0
URS0003416972_1904483,GGGGGUAGAUGGGCGCUGGUGUGCCCUACGGUCUUCAAAACCGGUGUGAGGGGUUAGGAGCCUCUUUGAUGAGUUCGAUUCUCAUAUACUCCCGCCA,97,sheep gut metagenome tRNA,sheep gut metagenome,tRNA,selenocysteinyl_tRNA,MGNIFY,97,,0
URS00034102DD_1904483,GGAAGAGUGCCAGAGCGGUUGAUCGGAGCGGUCUUGAAAACCGUCGAACGUGCGAGCGUUCCGUGGGUUCGAAUCCCACUUCUUCCU,87,sheep gut metagenome tRNA,sheep gut metagenome,tRNA,selenocysteinyl_tRNA,MGNIFY,87,,0
URS0000058B15_360910,GAAGGCAUGCGUGCCCGGUGGCGCGGCUGGGCUUCAAACCCAGUUGGGGACGUCAGACGUUCCCAGGUAGGUUCGACUCCUGCUGCCUUCC,91,Bordetella avium 197N tRNA,Bordetella avium 197N,tRNA,selenocysteinyl_tRNA,ENA,91,,0
URS0003416F49_2963089,GGAGGUGGAUGCGUGCUGGUGUGCGCCGCGGUCUUCAAAACCGUUGUGGGGGGUUAACAGCCUCCCGGAUGGGUUCGAUCCCCAUCCUCUCCGC,94,uncultured Bilifractor sp. tRNA,uncultured Bilifractor sp.,tRNA,selenocysteinyl_tRNA,MGNIFY,94,,0
URS0003420433_1904483,GGGAGUAGCUGAGACACUGGUGGUCUCCCCGGUCUUCAAAACCGUGCGAGGGGUACUUAACUAUCCUUGGUGGGUUCGAUUCCCACAUACUUCCGCCA,98,sheep gut metagenome tRNA,sheep gut metagenome,tRNA,selenocysteinyl_tRNA,MGNIFY,98,,0
URS0003408124_1904483,GGAGAUAGGUGGAUAGCUGGUGCGUCUCGCGGUCUUCAAAACCGUUGUGGGAAAUAUAAUCCCAAGUAGGUUCGAUUCCUACCGUCUCCG,90,sheep gut metagenome tRNA,sheep gut metagenome,tRNA,selenocysteinyl_tRNA,MGNIFY,90,,0
URS000341391A_1904483,GGAAGCAGUAAGAGUCUGGUGGCUCUCGCCGACUUCAAAUCGGUUGGAGAAUGGUAAAUUCUCGGAUGGUUCGAUUCCUUUCUGCUUCCGCCA,93,sheep gut metagenome tRNA,sheep gut metagenome,tRNA,selenocysteinyl_tRNA,MGNIFY,93,,0
URS000340B8EA_1904483,GGAGAUGGAUGGGUCCUGGUGGACCCCGCGGCCUUCAAAGCCGUUGUGGGGCGCGCAGAACGUCUCGGGUGUGUUCGAUUCGCACGCAUCUCCGCCA,97,sheep gut metagenome tRNA,sheep gut metagenome,tRNA,selenocysteinyl_tRNA,MGNIFY,97,,0
URS000342162C_1904483,GGGGGUAGAUGGGUGCUGGUGUGCCCUACGGUCUUCAAAACCGGUGUGAGGGGUUAGGAGCCUCUUGGAUGAGUUCGAUUCUCAUAUACUCCCGCCA,97,sheep gut metagenome tRNA,sheep gut metagenome,tRNA,selenocysteinyl_tRNA,MGNIFY,97,,0
URS000341B508_1904483,GGAGAUAGAAGGAUAGCUGGUGCGUCUCACGGUCUUCAAAACCGAUGUAGGGGGAUAACUCCUAAAUGGGUUCGAUUCCCAUCGUCUCCG,90,sheep gut metagenome tRNA,sheep gut metagenome,tRNA,selenocysteinyl_tRNA,MGNIFY,90,,0
URS0003417A82_1904483,GGAAGUGAGAUUCGUCUGGUGACGGGCACAGGCUUCAAACCUGAUGAGGGGCAGUGAUGGCUGUCUCUGAUGGGUUCAAUCCCCAUACGCUUCCGCCA,98,sheep gut metagenome tRNA,sheep gut metagenome,tRNA,selenocysteinyl_tRNA,MGNIFY,98,,0
URS00022290E2_59620,GGGGGUGGAAAGGUAACUGGUGUGCCUCCUGGUCUUCAAAACCAGUGUUGGGCGCGAGAGCGUCCUGGGUGAGUUCGAUUCUCACACGCCCUCGCCA,97,uncultured Clostridium sp. tRNA,uncultured Clostridium sp.,tRNA,selenocysteinyl_tRNA,MGNIFY,97,,0
URS000341938C_1904483,GGGGGUAGACAGGUGCUGGUGUGCCUCGCGGUCUUCAAAACCGUUUGCAGGGGGUUAGGAGCCUCCCGGGUGGGUUCGAUUCCCACAUACUCCCGCCA,98,sheep gut metagenome tRNA,sheep gut metagenome,tRNA,selenocysteinyl_tRNA,MGNIFY,98,,0
URS000222E4EE_1904483,GGGAGCAGAUGGGUGCCGGUGUGCCCCGCGGUCUUCAAAACCGUUGUAGCAGGUUAGGAGCCUGCCUGGUGAGUUCGAUUCUCACAUGCUCCCGCCA,97,sheep gut metagenome tRNA,sheep gut metagenome,tRNA,selenocysteinyl_tRNA,MGNIFY,97,,0
URS000341D73F_1904483,GGAGAUAGGAGGGUGGCUGGUGCGCCCCGCGGUCUUCAACACCGUUGUGAAUGUUGCACAUUCGGCUAGGUUCGAUUCCUAGCGUCUCCG,90,sheep gut metagenome tRNA,sheep gut metagenome,tRNA,selenocysteinyl_tRNA,MGNIFY,90,,0
URS000341B2C5_1904483,GGGGGUAGAUGGGUGCUGGUGUGCCCUACGGUCUUCAAAACCGGUGUGAGAGGUUAGGAGCCUCUUUGAUGAGUUCGAUUCUCAUAUACUCCCGCCA,97,sheep gut metagenome tRNA,sheep gut metagenome,tRNA,selenocysteinyl_tRNA,MGNIFY,97,,0
URS0002245DB9_1904483,GGGGGUAGAUAGGUGCUGGUGUGCCUCGCGGUCUUCAAAACCGUUUGCAGGGGGUUAGGAGCCUCCCGGGUGGGUUCGAUUCCCACAUACUCCCGCCA,98,sheep gut metagenome tRNA,sheep gut metagenome,tRNA,selenocysteinyl_tRNA,MGNIFY,98,,0
URS0003403377_1904483,GGAGAUGGAAGAGCCCUGGUGGGCUCCGCGGCCUUCAAAGCCGUUGUGGGGCGCGCAGAACGUCUCGGGUGUGUUCGAUUCGCACGCAUCUCCGCCA,97,sheep gut metagenome tRNA,sheep gut metagenome,tRNA,selenocysteinyl_tRNA,MGNIFY,97,,0
URS000340B958_1904483,GGAAGUGAGAUUCGUCUGGUGACGGGCACAGGCUUCAAACCUGAUGAGGGGCGGUUAUGGCUGUCUCUGGUGGGUUCAAUCCCCACACGCUUCCGCCA,98,sheep gut metagenome tRNA,sheep gut metagenome,tRNA,selenocysteinyl_tRNA,MGNIFY,98,,0
URS0003413B1E_1904483,GGAAGUGGAUGGGUGCUGGUGUGCCCCAUGGUCUUCAACACCAUUGAUAGGGGUUAAUAACCUCUUAGGUAGGUUCGAUUCCUACGCACCUCCGCCA,97,sheep gut metagenome tRNA,sheep gut metagenome,tRNA,selenocysteinyl_tRNA,MGNIFY,97,,0
URS0003414876_114710,GGAAGGCAAUCACGCCCGGUGGCGUGGCCGGGCUUCAAACCCGGUGGGGGGCGUCAGCCGCUCCCGGGUUGGUUCGACUCCAGCUGCCUUCCGCCA,96,uncultured Comamonas sp. tRNA,uncultured Comamonas sp.,tRNA,selenocysteinyl_tRNA,MGNIFY,96,,0
URS0003402BD3_1904483,GGGGGUGGAUCCGGCCCGGUGGCCGGCCCGGACUUCAAAUCCGGUCGUGAGGCGGUUCGCGCCGACUCAGGUGUGUUCGAUUCGCACACAUCCCCGCCA,99,sheep gut metagenome tRNA,sheep gut metagenome,tRNA,selenocysteinyl_tRNA,MGNIFY,99,,0
URS0003403B6A_1904483,GGGUGGAGAAGGGUGACUGGUGUGCCCUCCGGUCUUCAAAACCGUGAUGAGCCUUCACAGGCUCGGGUGUGUUCGAUUCGCACCUCCGCCCGCCA,95,sheep gut metagenome tRNA,sheep gut metagenome,tRNA,selenocysteinyl_tRNA,MGNIFY,95,,0
URS0003403D79_167968,GGAGAUGUUUCGUCACCGGUGUGGCGCCCGGCCUUCAAAGCCGGUGGAAGGUUGAAAAAUCUUCGGUAGGUUCGACCCCUAUGCAUCUCCGCCA,94,uncultured Desulfovibrio sp. tRNA,uncultured Desulfovibrio sp.,tRNA,selenocysteinyl_tRNA,MGNIFY,94,,0
URS000340C1C2_1904483,GGAGAUAGGAGGGUAGCUGGUGCGCCCCGCGGUCUUCAAAACCGUUGUGUGAGAUUUUACUCACGGCUAGGUUCGAUUCCUAGCGUCUCCG,91,sheep gut metagenome tRNA,sheep gut metagenome,tRNA,selenocysteinyl_tRNA,MGNIFY,91,,0
URS0003406567_1904483,GGAGUCGGAUGGGUCCUGGUGGGUCCCGCGGCCUUCAAAGCCGUUGUGAGGCGAGCAGAACGUCUCGGGUGUGUUCGAUUCGCACACGACUCCGCCA,97,sheep gut metagenome tRNA,sheep gut metagenome,tRNA,selenocysteinyl_tRNA,MGNIFY,97,,0
URS0003410A98_1904483,GGAGAUAGGAGGGUAGCUGGUGCGCCCCGCGGUCUUCAAAACCGUUGUGAGAGAUUAUAUCUUUCGGCUAGGUUCGAUUCCUAGCGUCUCCG,92,sheep gut metagenome tRNA,sheep gut metagenome,tRNA,selenocysteinyl_tRNA,MGNIFY,92,,0
URS0002FDD034_1118124,GGAGGCGGAAAAGUGCUGGUGUGCUUCGCGGUCUUCAAAACCGUUGCGGGGGGCUGAACUCCUCCCGGAUGGGUUCGAUCCCCAUCCCCUCCG,93,uncultured Moryella sp. tRNA,uncultured Moryella sp.,tRNA,selenocysteinyl_tRNA,MGNIFY,93,,0
URS00034049B1_1904483,GGAGAUAGGAGGGUAGCUGGUGCGCCCCGCGGUCUUCAACACCGUUGUGAAAGUUAAACUUUCGGCUAGGUUCGAUUCCUAGCGUCUCCG,90,sheep gut metagenome tRNA,sheep gut metagenome,tRNA,selenocysteinyl_tRNA,MGNIFY,90,,0
URS0003417578_765821,GUGGGCGGUAAGGCAGCUGGUGUGUCUCCCGGUCUUCAAAACCGGUGUGGGGCGGUAUGCGUCCCGGGUGAGUUCGAUUCUCACACGUCCACGCCA,96,uncultured Blautia sp. tRNA,uncultured Blautia sp.,tRNA,selenocysteinyl_tRNA,MGNIFY,96,,0
URS00034194B5_2847326,GGGAGUAGAAGGGUGACUGGUGCGCCCUCUGGUCUUCAAAACCAGUAUGAGCAGGAGGCUGCUCGGGUGGGUUCGAUUCCCACCUGCUCCCGCCA,95,uncultured Parafannyhessea sp. tRNA,uncultured Parafannyhessea sp.,tRNA,selenocysteinyl_tRNA,MGNIFY,95,,0
URS00034208DD_167968,GGAGACGUUUCGUCACCGGUGUGGCGCCCAGUCUUCAAAACUGGCGGCAGGCUGAGAGGUCUGCGGUAGGUUCGACCCCUAUGCGUCUCCG,91,uncultured Desulfovibrio sp. tRNA,uncultured Desulfovibrio sp.,tRNA,selenocysteinyl_tRNA,MGNIFY,91,,0
URS000052E4A1_657313,GGAGGCAGAAGAGUAACUGGUGUGCUUCCUGGUCUUCAAAACCAGUGUGGGGCGUGGUACGUCCCGGGUGGGUUCGAUUCCCACAUGUCUCC,92,[Ruminococcus] torques L2-14 tRNA,[Ruminococcus] torques L2-14,tRNA,selenocysteinyl_tRNA,ENA,92,,9
URS0003418CDE_1904483,GGGGGCGGAUGGAGCCCUGGUGGGUCCCGCGGUCUUCAAAACCGUUGUGAGGCACGCAGAAUGUCUUGGGUGCGUUCGAUUCGCACACGUCCCCGCCA,98,sheep gut metagenome tRNA,sheep gut metagenome,tRNA,selenocysteinyl_tRNA,MGNIFY,98,,0
URS0002225DE4_1904483,GGGGGCGGAAAGGUAACUGGUGUGCCUCCUGGUCUUCAAAACCAGUGUUGGGCGUGAGAGCGUCCUGGGUGGGUUCGAUUCCCACACGCCUUCGCCA,97,sheep gut metagenome tRNA,sheep gut metagenome,tRNA,selenocysteinyl_tRNA,MGNIFY,97,,0
URS00005FE6AC_119398,GCACCGAUGAGUUAGCAUGGUUGCUAAAGAUGACUUCAAAUCAUUUGGUGUAGGUCACUGCACAGAGGUUCGAUUCCUCCUUCGGUGCG,89,Plasmodium vinckei brucechwatti tRNA,Plasmodium vinckei brucechwatti,tRNA,selenocysteinyl_tRNA,ENA,89,,0
URS00026DA227_1904483,GGAGACGGAUGGAGCCCUGGUGGGUCCCGCGGCCUUCAAAGCCGUUGCGAGGCGCGCAGAACGUCUUGGGUGUGUUCGAUUCGCACACGUCUCCGCCA,98,sheep gut metagenome tRNA,sheep gut metagenome,tRNA,selenocysteinyl_tRNA,MGNIFY,98,,0
URS0001CA48BD_138297,GCAUCGAUGAGUUAGCAUGGUUGCUAAAGAUGACUUCAAAUCAUUUGGUGUAGGUCACUGCACAGAGGUUCGAUUCCUCCUUCGGUGCG,89,Plasmodium vinckei lentum tRNA,Plasmodium vinckei lentum,tRNA,selenocysteinyl_tRNA,ENA,89,,0
URS00003AB734_905079,GCCCCGAUGAUCCUGGCUGGCGCUGGGGCUGGACUUCAAAUCCAGUGAGGGUUGACGCCCUAGAGGUUCGAUUCCUCCUUCGAGGCG,87,Guillardia theta CCMP2712 tRNA GUITHDRAFT_t76,Guillardia theta CCMP2712,tRNA,selenocysteinyl_tRNA,ENA; Ensembl Protists,87,GUITHDRAFT_t76,0
URS0000511088_508771,GCAUCGAUGAGCUGGCCUGGUGGCUGGGCGUGACUUCAAAUCACGUGGCGCCUAGCGGCGCAGGGGUUCGAUUCCUCCUUCGGUGCG,87,Toxoplasma gondii ME49 tRNA TGME49_321350,Toxoplasma gondii ME49,tRNA,selenocysteinyl_tRNA,Ensembl Protists; ENA,87,TGME49_321350,0
URS00004DD8C0_717608,GGAGGCAGAUAGGUUGCUGGUGUGCCUCGCGGUCUUCAAAACCGUUGUGGGGAGUUAAGAGCUCCCCGGGUGGGUUCGAUUCCCACCUCCUCC,93,[Clostridium] cf. saccharolyticum K10 tRNA,[Clostridium] cf. saccharolyticum K10,tRNA,selenocysteinyl_tRNA,ENA,93,,9
URS0002D7ADC2_3137852,GGAAGAGCAAGCCAAUUGGCGGUGGCCACGGUUUUGAAAACCGUUCGGAGUUAACGACUCGUGUGGGUUCGAAUCCCACUUCUUCCGCAA,90,Tenacibaculum sp. 190524A05c Pseudo tRNA,Tenacibaculum platacis,tRNA,selenocysteinyl_tRNA,ENA,90,,0
URS0000D8E506_7370,GCCCCACUGAGCUUCGGUGGUCCGGGGUGCAGGCUUCAAACCUGUAGUCGAUUAGCGUCGAAGUGGUUCGAUUCCACCUGGGGGGC,86,Musca domestica (House fly) tRNA MDOA013181,Musca domestica,tRNA,selenocysteinyl_tRNA,Rfam; Ensembl Metazoa,86,MDOA013181,9
URS0000EF9DCA_315563,CUCAACAGGCAGAAUCGAACUGCUGUGGUUUUCACCACCUACAAGUUUGAAGCUUGCACCAUGAACCAUCACAGAUCAGCUGAG,84,Belgica antarctica (Antarctic midge) tRNA IU25_tRNA_93,Belgica antarctica,tRNA,selenocysteinyl_tRNA,Ensembl Metazoa,84,IU25_tRNA_93,0
URS0000177E81_273526,GGAAGAUCCUCGUCCCCGGUGGGGCGGCCGGACUUCAAAUCCGGUUGGGGCCGCCAGCGGUCCUGGGCAGGUUCGACUCCUGUGAUCUUCC,91,Serratia marcescens subsp. marcescens Db11 tRNA,Serratia marcescens subsp. marcescens Db11,tRNA,selenocysteinyl_tRNA,ENA,91,,9
URS00005A30CB_941323,GGAAGAUCGUCGUCUCCGGUGAGGCGGCUGGACUUCAAAUCCAGUUGGGGCCGCCAGCGGUCCCGGGCAGGUUCGACUCCUGUGAUCUUCC,91,Escherichia coli VR50 tRNA-Sec,Escherichia coli VR50,tRNA,selenocysteinyl_tRNA,ENA,91,selC,0
URS00005A30CB_199310,GGAAGAUCGUCGUCUCCGGUGAGGCGGCUGGACUUCAAAUCCAGUUGGGGCCGCCAGCGGUCCCGGGCAGGUUCGACUCCUGUGAUCUUCC,91,Escherichia coli CFT073 Selenocysteine transfer RNA,Escherichia coli CFT073,tRNA,selenocysteinyl_tRNA,Rfam; ENA,91,selC; tRNA-SeC-TCA-1-1,0
URS00005A30CB_155864,GGAAGAUCGUCGUCUCCGGUGAGGCGGCUGGACUUCAAAUCCAGUUGGGGCCGCCAGCGGUCCCGGGCAGGUUCGACUCCUGUGAUCUUCC,91,Escherichia coli O157:H7 str. EDL933 tRNA-Sec,Escherichia coli O157:H7 str. EDL933,tRNA,selenocysteinyl_tRNA,ENA,91,selC,0
URS00002C364D_1731,GGGAGUAGAUGGGUGCUGGUGUGCCCUCUGGUCUUCAAAACCAGUUCGGGGGGUUAAGAGCCUCCUGGGUGGGUUCGAUUCCCACAUAUUCCCGCCA,97,Peptoclostridium acidaminophilum transfer RNA-selenocysteine,Peptoclostridium acidaminophilum,tRNA,selenocysteinyl_tRNA,ENA,97,selC,0
URS00002F9CDD_90371,GGAAGAUCGUCGUCUCCGGUGAGGCGGCUGGACUUCAAAUCCAGUUGGGGCCGCCAGCGGUCCCGGGCAGGUUCGACUCCUGUGAUCUUCCGCCA,95,Salmonella enterica subsp. enterica serovar Typhimurium tRNA-SeC (TCA) (tRNA-SeC-TCA-1-1),Salmonella enterica subsp. enterica serovar Typhimurium,tRNA,selenocysteinyl_tRNA,ENA; GtRNAdb,95,selC; tRNA-SeC-TCA-1-1,1
URS0000AE336D_36330,AGUUGCACCGAUGAGUUAGCAUGGUUGCUAAGUAUGACUUCAAAUCAUUCGGCGUAGGUUUACUACGCAGAGGUUCGAUUCCUCCUUCGGUGCGAGUAAAUAAUG,105,Plasmodium ovale (malaria parasite P. ovale) tRNA,Plasmodium ovale,tRNA,selenocysteinyl_tRNA,ENA,105,,0
URS000077E5AF_28450,GGCAUUCGUAUCCGGUGGUGCGGCUGGGCUUCAAACCCAGUUGGUGCGGUCAGCCCGCGCCAGGUCGGUUCGACUCCGGCUGCCUUCCGCCA,92,"Burkholderia pseudomallei tRNA SeC anticodon TCA, Cove score 22.87",Burkholderia pseudomallei,tRNA,selenocysteinyl_tRNA,ENA,92,,0
URS00001372CF_384676,GGAAGGCAAUCGCGCCCGGUGGCGCGGCCGGGCUUCAAACCCGGUUGGGGACGGCAGCCGUUCCCGGGCAGGUUCGACUCCCGCUGCCUUCCGCCA,96,Pseudomonas entomophila L48 tRNA-SeC (TCA) (tRNA-SeC-TCA-1-1),Pseudomonas entomophila L48,tRNA,selenocysteinyl_tRNA,ENA; GtRNAdb,96,tRNA-SeC-TCA-1-1,1
URS000025EF76_413999,GGAGUAGAUAGGUGCUGGUGUGCCUGCCGGUCUUCAAAACCGAGUUGUCGUGCUAAGACCACGAUGGGUGGGUUCGAUUCCCACAUAUUCC,91,Clostridium botulinum A str. ATCC 3502 tRNA SeC(p) (TCA),Clostridium botulinum A str. ATCC 3502,tRNA,selenocysteinyl_tRNA,ENA,91,tRNA SeC(p) (TCA),0
URS00000B1D7A_272560,GAAGGCAUUCGUAUCCGGUGGUGCGGCUGGGCUUCAAACCCAGUUGGUGCGGUCAGCCCGCGCCAGGUCGGUUCGACUCCGGCUGCCUUCCGCCA,95,"Burkholderia pseudomallei K96243 tRNA SeC anticodon TCA, Cove score 22.87",Burkholderia pseudomallei K96243,tRNA,selenocysteinyl_tRNA,ENA,95,,0
URS000018DFB6_9031,GCCCGGAUGACCCUCAGUGGUCUGGGGUGCAGGCUUCAAACCUGUAGCUGUCUAGCGACAGAGUGGUUCAAUUCCACCUUUCGGGCG,87,Gallus gallus tRNA-SeC (TCA) (tRNA-SeC-TCA-1-1),Gallus gallus,tRNA,selenocysteinyl_tRNA,ENA; GtRNAdb; Rfam,87,tRNA-SeC-TCA-1-1,58
URS000025EF76_941968,GGAGUAGAUAGGUGCUGGUGUGCCUGCCGGUCUUCAAAACCGAGUUGUCGUGCUAAGACCACGAUGGGUGGGUUCGAUUCCCACAUAUUCC,91,"Clostridium botulinum H04402 065 tRNA SeC(p) anticodon TCA, Cove score 21.22",Clostridium botulinum H04402 065,tRNA,selenocysteinyl_tRNA,ENA,91,,0
URS00005A30CB_220341,GGAAGAUCGUCGUCUCCGGUGAGGCGGCUGGACUUCAAAUCCAGUUGGGGCCGCCAGCGGUCCCGGGCAGGUUCGACUCCUGUGAUCUUCC,91,"Salmonella enterica subsp. enterica serovar Typhi str. CT18 tRNA SelC(p) anticodon TCA, Cove score 75.19",Salmonella enterica subsp. enterica serovar Typhi str. CT18,tRNA,selenocysteinyl_tRNA,ENA,91,,0
URS000027CA7B_5854,CAAUGCACCGAUGAGUUAGCAUGGUUGCUAAGUAUGACUUCAAAUCAUUUGGCGUAGUUUUUCUGCGCAGAGGUUCGAUUCCUCCUUCGGUGCGACGAGCACCAA,105,Plasmodium reichenowi tRNA-Sec,Plasmodium reichenowi,tRNA,selenocysteinyl_tRNA,ENA,105,,0
URS00021A3664_29158,GCCUGAAUGAACCUCAGUGGUCUGGGGUGCAGGCUUCAAACCUGUAGCUGAUUAGCGUCAGAGUGGUUCAAUUCCACCUUUCGGGC,86,Mytilus galloprovincialis (Mediterranean mussel) Selenocysteine transfer RNA,Mytilus galloprovincialis,tRNA,selenocysteinyl_tRNA,Rfam; ENA,86,,0
URS000218F9E9_29158,GCCGGAAUGAACCUCAGUGGUCUGGGGUGCAGGCUUCAAACCUGUAGCUGAUUAGCGUCAGAGUGGUUCAAUUCCACCUUUCCGGC,86,Mytilus galloprovincialis (Mediterranean mussel) Selenocysteine transfer RNA,Mytilus galloprovincialis,tRNA,selenocysteinyl_tRNA,ENA; Rfam,86,,0
URS000070CAB7_36329,GCACCGAUGAGUUAGCAUGGUUGCUAAGUAUGACUUCAAAUCAUUUGGCGUAGUUUUUCUGCGCAGAGGUUCGAUUCCUCCUUCGGUGCG,90,Plasmodium falciparum 3D7 tRNA-SeC (TCA) (tRNA-SeC-TCA-1-1),Plasmodium falciparum 3D7,tRNA,selenocysteinyl_tRNA,GtRNAdb; ENA,90,tRNA-SeC-TCA-1-1,1
URS000080E0B2_224324,GGGAGAGGUUGGCCGGCUGGUGCCGCCCCGGGACUUCAAAUCCCGUGGGAGGUCCCGCAAGGGAGCUCCGGAGGGUUCGAUUCCCUCCCUCUCCCGCCA,99,Aquifex aeolicus VF5 tRNA-SeC (TCA) (tRNA-SeC-TCA-1-1),Aquifex aeolicus VF5,tRNA,selenocysteinyl_tRNA,PDBe; GtRNAdb,99,tRNA-SeC-TCA-1-1,11
URS000018CF94_273068,GGGAGUAGAUAGGCGCUGGUGUGCCUCCUAGACUUCAAAUCUACGGUCUCGCUAUUUAAGCGAGAGGUGGGUUCGAUUCCCACAUACUCCCGCCA,95,Caldanaerobacter subterraneus subsp. tengcongensis MB4 tRNA-SeC (TCA) (tRNA-SeC-TCA-1-1),Caldanaerobacter subterraneus subsp. tengcongensis MB4,tRNA,selenocysteinyl_tRNA,PDBe; GtRNAdb,95,tRNA-SeC-TCA-1-1,1
URS00002F9CDD_591946,GGAAGAUCGUCGUCUCCGGUGAGGCGGCUGGACUUCAAAUCCAGUUGGGGCCGCCAGCGGUCCCGGGCAGGUUCGACUCCUGUGAUCUUCCGCCA,95,Escherichia coli LF82 tRNA-SeC (TCA) (tRNA-SeC-TCA-1-1),Escherichia coli LF82,tRNA,selenocysteinyl_tRNA,ENA; GtRNAdb,95,selC; tRNA-SeC-TCA-1-1,1
URS00005D75C5_287,GGAAGGCAAUCACGCCCGGUGGCGUGGCCGGACUUCAAAUCCGGUGGGGGACGGCAGCCGUUCCUGGGUGGGUUCGACUCCCACUGCCUUCC,92,Pseudomonas aeruginosa tRNA_SeC(p)_TCA,Pseudomonas aeruginosa,tRNA,selenocysteinyl_tRNA,ENA,92,,0
URS00002F9CDD_562,GGAAGAUCGUCGUCUCCGGUGAGGCGGCUGGACUUCAAAUCCAGUUGGGGCCGCCAGCGGUCCCGGGCAGGUUCGACUCCUGUGAUCUUCCGCCA,95,Escherichia coli tRNA-SeC (TCA) (tRNA-SeC-TCA-1-1),Escherichia coli,tRNA,selenocysteinyl_tRNA,ENA; PDBe; GtRNAdb,95,selC; trnU; tRNA-SeC-TCA-1-1; Sec-tRNASec; selC (CG Site No. 17887); tRNASec; SeC_trna; tRNASe,6
URS0000772343_1977087,GGAAGGCAAUCACGCCCGGUGGCGUGGCCGGGCUUCAAACCCGGUGGGGGACGGCAUCCGUUCCUGGGUGAGUUCGACUCUCACUGCCUUCCGCCA,96,Pseudomonadota bacterium tRNA-Sec,Pseudomonadota bacterium,tRNA,selenocysteinyl_tRNA,ENA,96,,0
URS0000B50670_2013728,GGAAGUGCCAAGGUCACUGGUGGGCCUCCUGGACUUCAAAUCCAGUGUGGGGCGCUAGAACCGUCCCAGGUGGGUUCGAUUCCCAUGCACUUCCGCCA,98,Chloroflexi bacterium HGW-Chloroflexi-5 tRNA-Sec,Chloroflexi bacterium HGW-Chloroflexi-5,tRNA,selenocysteinyl_tRNA,ENA,98,,0
URS0000B50670_2026735,GGAAGUGCCAAGGUCACUGGUGGGCCUCCUGGACUUCAAAUCCAGUGUGGGGCGCUAGAACCGUCCCAGGUGGGUUCGAUUCCCAUGCACUUCCGCCA,98,Deltaproteobacteria bacterium tRNA-Sec,Deltaproteobacteria bacterium,tRNA,selenocysteinyl_tRNA,ENA,98,,0
URS0000B50670_2053627,GGAAGUGCCAAGGUCACUGGUGGGCCUCCUGGACUUCAAAUCCAGUGUGGGGCGCUAGAACCGUCCCAGGUGGGUUCGAUUCCCAUGCACUUCCGCCA,98,Syntrophomonas sp. tRNA-Sec,Syntrophomonas sp.,tRNA,selenocysteinyl_tRNA,ENA,98,,0
URS0000B1F89D_392333,GGGAGUAGUUCGUAGUCUGGUGACGCGCUCGGUCUUCAAAACCGAUGAGGGGCGUAUCCCGUCCCUGGUGGGUUCGAUUCCCAUCUGCUCCC,92,Geoalkalibacter ferrihydriticus tRNA_SeC(p)_TCA,Geoalkalibacter ferrihydriticus,tRNA,selenocysteinyl_tRNA,ENA,92,,0
URS00006E3382_60137,GGAGACGACCGGAGUCUGGUGGCUUCCCUGGUCUUCAAAACCAUGGACGCGUCGAUACGGCGUGUGGUGGGUUCGAUUCCCAUCCGUCUCC,91,Sulfitobacter pontiacus Selenocysteine transfer RNA,Sulfitobacter pontiacus,tRNA,selenocysteinyl_tRNA,Rfam; ENA,91,,0
URS0000AF7EE8_335381,GGAGGCGUACAGGUGCCUGGUGGCCCUCCCGGUCUUCAAAACCGGUGAAGCCGAGCAGCUCGGCUUGGCGGGUUCGAUUCCCGUCCGCCUCC,92,uncultured Friedmanniella sp. tRNA-SeC(p)-TCA,uncultured Friedmanniella sp.,tRNA,selenocysteinyl_tRNA,ENA,92,,0
URS0000AD0ACA_2013753,GGAAGUGGAAAGGGCGCUGGUGGCUCUCCCGGACUUCAAAUCCGGUGCACCGGGUUAACAGCCUGGUGGGUGGGUUCGAUUCCCAUGCACUUCCGCCA,98,Deltaproteobacteria bacterium HGW-Deltaproteobacteria-3 tRNA-Sec,Deltaproteobacteria bacterium HGW-Deltaproteobacteria-3,tRNA,selenocysteinyl_tRNA,ENA,98,,0
URS0000AD0ACA_2202153,GGAAGUGGAAAGGGCGCUGGUGGCUCUCCCGGACUUCAAAUCCGGUGCACCGGGUUAACAGCCUGGUGGGUGGGUUCGAUUCCCAUGCACUUCCGCCA,98,Thermodesulfobacteriota bacterium tRNA-Sec,Thermodesulfobacteriota bacterium,tRNA,selenocysteinyl_tRNA,ENA,98,,0
URS00009DCAC5_1005665,GGAAGGUCGUCAUCUCCGGUGAGGUGGCUGGACUUCAAAUCCAGUUGGGGCCGCCAGCGGUCCCGGGCAGGUUCGACUCCUGUGAUCUUCC,91,Kosakonia oryzendophytica tRNA_SeC(p)_TCA,Kosakonia oryzendophytica,tRNA,selenocysteinyl_tRNA,ENA,91,,0
URS0000A11182_1780362,GGAGAGUAAGACGACCUGGUGGCGUUCGCGGACUUCAAAUCCGAUGAUGGGGCGGUUGACCGUUUCGUGGGAGGUUCAAUUCCUUCACUCUCUC,94,Campylobacter geochelonis tRNA-seC(tca),Campylobacter geochelonis,tRNA,selenocysteinyl_tRNA,ENA,94,,0
URS0000AD28C5_562,GGAAGAUCGUCGUCUCCGGUGAGGCGGCUGGACUUCAAAUCCAGUUGGGGCCGCCAGCGGUCCCGGGCAGGUUCGACUCCUGUGAUCUUCCUCCA,95,Escherichia coli tRNA-Sec,Escherichia coli,tRNA,selenocysteinyl_tRNA,ENA,95,,0
URS00009DDAC1_2015350,GAAGGCAUUCGUAUCCGGUGGUACGGCUGGACUUCAAAUCCAGUUGGGGGUGUCAGACACUCCCGGGUCGGUUCGACUCCGGCUGCCUUCCGCCA,95,Burkholderia sp. AU18528 tRNA-Sec,Burkholderia sp. AU18528,tRNA,selenocysteinyl_tRNA,ENA,95,,0
URS0000C45FF6_1649647,GGAAAGCACACUCAUCCGGUGAUGUGGCCGGGCUUCAAACCCGGUGGAGGGCGUCAGACGUUCUCCCGUAGGUUCGACUCCUACUGUUUUCC,92,Janthinobacterium sp. KBS0711 Selenocysteine transfer RNA,Janthinobacterium sp. KBS0711,tRNA,selenocysteinyl_tRNA,Rfam,92,,9
URS0000AD3CA5_3055594,GGAAGUGCACAGCUCACUGGUGGGGCUCCCGGACUUCAAAUCCGGUGUGGGGCGCUAAAACCGUCCCGGGUGGGUUCGAUUCCCAUGCACUUCCGCCA,98,Desulfobacterales bacterium HSG16 tRNA-Sec,Desulfobacterales bacterium HSG16,tRNA,selenocysteinyl_tRNA,ENA,98,,0
URS0000C7ACF0_1300342,GGAAGGCAUGCGCAUCCGGUGAUGCGGCCGGGCUUCAAACCCGGUAGGGGGCGUCGAUCGCUCCCUGGUAGGUUCGACUCCUGCUGCCUUCC,92,Dokdonella koreensis DS-123 Selenocysteine transfer RNA,Dokdonella koreensis DS-123,tRNA,selenocysteinyl_tRNA,Rfam,92,,9
URS0000A1265B_1703773,GGAAGCGGAUAGGGGCUGGUGUCCCUGCUGGACUUCAAAUCCAGUUGUCCCGGUCGGUGCCGGGAUGGUAGGUUCGAUUCCUACACGCUUCCGCCA,96,candidate division TA06 bacterium SM1_40 tRNA-Sec,candidate division TA06 bacterium SM1_40,tRNA,selenocysteinyl_tRNA,ENA,96,,0
URS0000A1265B_1703774,GGAAGCGGAUAGGGGCUGGUGUCCCUGCUGGACUUCAAAUCCAGUUGUCCCGGUCGGUGCCGGGAUGGUAGGUUCGAUUCCUACACGCUUCCGCCA,96,candidate division TA06 bacterium SM23_40 tRNA-Sec,candidate division TA06 bacterium SM23_40,tRNA,selenocysteinyl_tRNA,ENA,96,,0
URS0000C4823B_1736429,GGAAGGGAAUCGUCUCCGGUGGGACGGCCGGACUUCAAAUCCGGUUGGGGCAGCGAGACUGUCUCGGGUGGGUUCGACCCCCACUCCCCUCC,92,Rhizobium sp. Root1212 Selenocysteine transfer RNA,Rhizobium sp. Root1212,tRNA,selenocysteinyl_tRNA,Rfam,92,,9
URS0000AFC6C9_1797613,GGGAUGGUUGAGUUCCGGUGGGCUCCCCGGUCUUCAAAACCGGUGGCGGGCCGCGUUGCGGGCCGCGGUGGGUUCGACUCCCAUCCAUUCCC,92,Chloroflexi bacterium GWB2_54_36 tRNA-Sec,Chloroflexi bacterium GWB2_54_36,tRNA,selenocysteinyl_tRNA,ENA,92,,0
URS0000AFC6C9_1872519,GGGAUGGUUGAGUUCCGGUGGGCUCCCCGGUCUUCAAAACCGGUGGCGGGCCGCGUUGCGGGCCGCGGUGGGUUCGACUCCCAUCCAUUCCC,92,Anaerolinea sp. (freshwater metagenome) tRNA-Sec,Anaerolinea sp.,tRNA,selenocysteinyl_tRNA,ENA,92,,0
URS0000AFC6C9_2024896,GGGAUGGUUGAGUUCCGGUGGGCUCCCCGGUCUUCAAAACCGGUGGCGGGCCGCGUUGCGGGCCGCGGUGGGUUCGACUCCCAUCCAUUCCC,92,Anaerolineaceae bacterium (groundwater metagenome) tRNA-Sec,Anaerolineaceae bacterium,tRNA,selenocysteinyl_tRNA,ENA,92,,0
URS0000C96ADE_2024894,GGAGGUGUCUGAGUACCUGGUGGGCUCCCCCGCCUUCAAAGCGGGUGGGACGGGCGAUCCCCGUCCGGCGGGUUCGAUUCCCGUCCACCUCCGCAA,96,Acidimicrobiaceae bacterium tRNA-Sec,Acidimicrobiaceae bacterium,tRNA,selenocysteinyl_tRNA,ENA,96,,0
URS0000C96ADE_2900548,GGAGGUGUCUGAGUACCUGGUGGGCUCCCCCGCCUUCAAAGCGGGUGGGACGGGCGAUCCCCGUCCGGCGGGUUCGAUUCCCGUCCACCUCCGCAA,96,Actinomycetota bacterium tRNA-Sec,Actinomycetota bacterium,tRNA,selenocysteinyl_tRNA,ENA,96,,0
URS0000A13594_1265311,GGAGGCGUGUCCGGUCUGGUGACCGGCGCGGUCUUCAAAACCGUCGAACGGCAGUCGCUGUCGUUGGCGGGUUCAAUUCCCGUCCGCCUCCGCCA,95,Mycobacterium arosiense ATCC BAA-1401 = DSM 45069 tRNA-Sec,Mycobacterium arosiense ATCC BAA-1401 = DSM 45069,tRNA,selenocysteinyl_tRNA,ENA,95,,0
URS0000A13594_1785,GGAGGCGUGUCCGGUCUGGUGACCGGCGCGGUCUUCAAAACCGUCGAACGGCAGUCGCUGUCGUUGGCGGGUUCAAUUCCCGUCCGCCUCCGCCA,95,Mycobacterium sp. tRNA-Sec,Mycobacterium sp.,tRNA,selenocysteinyl_tRNA,ENA,95,,0
URS0000A13594_1834071,GGAGGCGUGUCCGGUCUGGUGACCGGCGCGGUCUUCAAAACCGUCGAACGGCAGUCGCUGUCGUUGGCGGGUUCAAUUCCCGUCCGCCUCCGCCA,95,Mycobacterium sp. 1165196.3 tRNA-Sec,Mycobacterium sp. 1165196.3,tRNA,selenocysteinyl_tRNA,ENA,95,,0
URS0000A13594_1834074,GGAGGCGUGUCCGGUCUGGUGACCGGCGCGGUCUUCAAAACCGUCGAACGGCAGUCGCUGUCGUUGGCGGGUUCAAUUCCCGUCCGCCUCCGCCA,95,Mycobacterium sp. 1245499.0 tRNA-Sec,Mycobacterium sp. 1245499.0,tRNA,selenocysteinyl_tRNA,ENA,95,,0
URS0000A13594_1856860,GGAGGCGUGUCCGGUCUGGUGACCGGCGCGGUCUUCAAAACCGUCGAACGGCAGUCGCUGUCGUUGGCGGGUUCAAUUCCCGUCCGCCUCCGCCA,95,Mycobacterium sp. 1245852.3 tRNA-Sec,Mycobacterium sp. 1245852.3,tRNA,selenocysteinyl_tRNA,ENA,95,,0
URS0000A13594_339268,GGAGGCGUGUCCGGUCUGGUGACCGGCGCGGUCUUCAAAACCGUCGAACGGCAGUCGCUGUCGUUGGCGGGUUCAAUUCCCGUCCGCCUCCGCCA,95,Mycobacterium colombiense tRNA-Sec,Mycobacterium colombiense,tRNA,selenocysteinyl_tRNA,ENA,95,,0
URS0000C0D674_1314962,GCCACGAUGAACCCUGCUGGGGUGGGGUGCAGGCUUCAAACCUGUAGGCAAGGGUACUUGCAGCCGUUCGAUUCGGCCCUCGUGGU,86,Perkinsela sp. CCAP 1560/4 Selenocysteine transfer RNA,Perkinsela sp. CCAP 1560/4,tRNA,selenocysteinyl_tRNA,Rfam,86,,9
URS0000AD5755_1798191,GGAGGAGAUGCGUCCCCGGUGGGGCGUCCGGACUUCAAAUCCGGGAGGGGCCGAGAGACGGUCUUUGGUGGGUUCGACUCCCACUCUCUUCC,92,Phyllobacterium sp. CL33Tsu tRNA_SeC(p)_TCA,Phyllobacterium sp. CL33Tsu,tRNA,selenocysteinyl_tRNA,ENA,92,,0
URS0000AD5755_1881066,GGAGGAGAUGCGUCCCCGGUGGGGCGUCCGGACUUCAAAUCCGGGAGGGGCCGAGAGACGGUCUUUGGUGGGUUCGACUCCCACUCUCUUCC,92,Phyllobacterium sp. YR620 Selenocysteine transfer RNA,Phyllobacterium sp. YR620,tRNA,selenocysteinyl_tRNA,Rfam,92,,0
URS0000AD5DC3_2854780,GGAAGAUCGUCGUCUCCGGUGAGGCGGCUGGACUUCAAAUCCAGUUGGUGCCGCCAGCGGUGCCGGGCAGGUUCGACUCCUGUGAUCUUCCGCCA,95,Enterobacter sp. ENT03 tRNA-Sec,Enterobacter sp. ENT03,tRNA,selenocysteinyl_tRNA,ENA,95,,0
URS00007C4AF6_2698856,GGAAGAUCAUCGUCCCCGGUGGGGCGGCUGGACUUCAAAUCCAGAUGGGGCCGCCAGCGGUCCUUGGCAGGUUCGACUCCUGUGAUCUUCCGCCA,95,Proteus sp. G4400 tRNA-Sec,Proteus sp. G4400,tRNA,selenocysteinyl_tRNA,ENA,95,,0
URS00007C4AF6_2698873,GGAAGAUCAUCGUCCCCGGUGGGGCGGCUGGACUUCAAAUCCAGAUGGGGCCGCCAGCGGUCCUUGGCAGGUUCGACUCCUGUGAUCUUCCGCCA,95,Proteus sp. G2660 tRNA-Sec,Proteus sp. G2660,tRNA,selenocysteinyl_tRNA,ENA,95,,0
URS00007C4AF6_2698886,GGAAGAUCAUCGUCCCCGGUGGGGCGGCUGGACUUCAAAUCCAGAUGGGGCCGCCAGCGGUCCUUGGCAGGUUCGACUCCUGUGAUCUUCCGCCA,95,Proteus sp. G2674 tRNA-Sec,Proteus sp. G2674,tRNA,selenocysteinyl_tRNA,ENA,95,,0
URS00007C4AF6_2742680,GGAAGAUCAUCGUCCCCGGUGGGGCGGCUGGACUUCAAAUCCAGAUGGGGCCGCCAGCGGUCCUUGGCAGGUUCGACUCCUGUGAUCUUCCGCCA,95,Citrobacter sp. RHBSTW-01065 tRNA-Sec,Citrobacter sp. RHBSTW-01065,tRNA,selenocysteinyl_tRNA,ENA,95,,0
URS00007C4AF6_2794024,GGAAGAUCAUCGUCCCCGGUGGGGCGGCUGGACUUCAAAUCCAGAUGGGGCCGCCAGCGGUCCUUGGCAGGUUCGACUCCUGUGAUCUUCCGCCA,95,Proteus sp. PR00174 tRNA-Sec,Proteus sp. PR00174,tRNA,selenocysteinyl_tRNA,ENA,95,,0
URS00007C4AF6_3115353,GGAAGAUCAUCGUCCCCGGUGGGGCGGCUGGACUUCAAAUCCAGAUGGGGCCGCCAGCGGUCCUUGGCAGGUUCGACUCCUGUGAUCUUCCGCCA,95,Proteus sp. MB838 tRNA-Sec,Proteus sp. MB838,tRNA,selenocysteinyl_tRNA,ENA,95,,0
URS00007C4AF6_3136674,GGAAGAUCAUCGUCCCCGGUGGGGCGGCUGGACUUCAAAUCCAGAUGGGGCCGCCAGCGGUCCUUGGCAGGUUCGACUCCUGUGAUCUUCCGCCA,95,Proteus sp. fly-1067 tRNA-Sec,Proteus sp. fly-1067,tRNA,selenocysteinyl_tRNA,ENA,95,,0
URS00007C4AF6_3136675,GGAAGAUCAUCGUCCCCGGUGGGGCGGCUGGACUUCAAAUCCAGAUGGGGCCGCCAGCGGUCCUUGGCAGGUUCGACUCCUGUGAUCUUCCGCCA,95,Proteus sp. fly-1089 tRNA-Sec,Proteus sp. fly-1089,tRNA,selenocysteinyl_tRNA,ENA,95,,0
URS00007C4AF6_3380534,GGAAGAUCAUCGUCCCCGGUGGGGCGGCUGGACUUCAAAUCCAGAUGGGGCCGCCAGCGGUCCUUGGCAGGUUCGACUCCUGUGAUCUUCCGCCA,95,Proteus sp. NGCRVN-01 tRNA-Sec,Proteus sp. NGCRVN-01,tRNA,selenocysteinyl_tRNA,ENA,95,,0
URS0000B5CC6B_1908690,GGGGGUGUUUGCACGGCUGGUGCCGGCCCUGGUCUUCAAAACCUGUGGGGGGUGUGAACAACGCCCCCAGUCGGUUCGAUUCCGAUACACUCCC,94,Fimbriiglobus ruber Selenocysteine transfer RNA,Fimbriiglobus ruber,tRNA,selenocysteinyl_tRNA,ENA; Rfam,94,,9
URS00009E3D22_2048550,GGAGGCGUAUCCGGUCUGGUGACCGGCGCGGUCUUCAAAAUCGCUGAGCGGCAGAUCCUGUCGCUGGCGGGUUCGAUUCCCGUCCGCCUCCGCCA,95,Mycobacterium lehmannii tRNA-Sec,Mycobacterium lehmannii,tRNA,selenocysteinyl_tRNA,ENA,95,,0
URS0000AD77C8_1137989,GGAGGCGUCAGGGUGCCUGGUGGCCCCCGCGGCCUCUAAAGCCGACGUGGCCGAGCAGCUCGGUCAGGCGGGUUCGAUUCCCGUCCGCCUCCGCCA,96,Geodermatophilus normandii tRNA-OTHER,Geodermatophilus normandii,tRNA,selenocysteinyl_tRNA,ENA,96,,0
URS0000AD77C8_3162531,GGAGGCGUCAGGGUGCCUGGUGGCCCCCGCGGCCUCUAAAGCCGACGUGGCCGAGCAGCUCGGUCAGGCGGGUUCGAUUCCCGUCCGCCUCCGCCA,96,Geodermatophilus maliterrae tRNA-OTHER,Geodermatophilus maliterrae,tRNA,selenocysteinyl_tRNA,ENA,96,,0
URS0000AD77C8_504800,GGAGGCGUCAGGGUGCCUGGUGGCCCCCGCGGCCUCUAAAGCCGACGUGGCCGAGCAGCUCGGUCAGGCGGGUUCGAUUCCCGUCCGCCUCCGCCA,96,Geodermatophilus ruber tRNA_Pseudo_CTA,Geodermatophilus ruber,tRNA,selenocysteinyl_tRNA,ENA,96,,0
URS0000C98820_1898112,GGAAGAGAAUCGUACCCCGGUGGGGCGCCCGGACUUCAAAUCCGGUGAGAGGCGUAAGACGUCUCUGGUGGGUUCGACUCCCACUCUUUUCCGCCA,96,Rhodospirillaceae bacterium tRNA-Sec,Rhodospirillaceae bacterium,tRNA,selenocysteinyl_tRNA,ENA,96,,0
URS0000C4D194_927083,CGGAGGGUGAUCCGAUCCGGGGAUCGGCGCGGUCUCGAAAACCGAGGGCACCUUCGCGGUGUGGAGUUCGACUCUUCCGCCCUCCU,86,Sandaracinus amylolyticus Selenocysteine transfer RNA,Sandaracinus amylolyticus,tRNA,selenocysteinyl_tRNA,Rfam,86,,9
URS0000B9F07A_1874362,GGAGGAUAAAGUGUUCUGGUGUCACUCACGGACUUCAAAUCCGAGGACAGGGCGGUUGACCGUUUUGUGGGGAGUUCGAUUCUCUCAUCCUCUC,94,Campylobacter pinnipediorum subsp. caledonicus tRNA-Sec,Campylobacter pinnipediorum subsp. caledonicus,tRNA,selenocysteinyl_tRNA,ENA,94,selC,0
URS0000B31FA3_1965547,GGGGGUAGAUGGGUGACUGGUGUGCCUCCUAGUCUUCAAAACUAGUGUGGGGCGUUAAGAGCGUCCCGGGUGGGUUCGAUUCCCACAUGCCUCCGCCA,98,Lachnoclostridium sp. An118 tRNA-Sec,Lachnoclostridium sp. An118,tRNA,selenocysteinyl_tRNA,ENA,98,,0
URS0000B31FA3_2838544,GGGGGUAGAUGGGUGACUGGUGUGCCUCCUAGUCUUCAAAACUAGUGUGGGGCGUUAAGAGCGUCCCGGGUGGGUUCGAUUCCCACAUGCCUCCGCCA,98,Candidatus Dorea intestinigallinarum tRNA-Sec,Candidatus Dorea intestinigallinarum,tRNA,selenocysteinyl_tRNA,ENA,98,,0
URS0000B31FA3_290055,GGGGGUAGAUGGGUGACUGGUGUGCCUCCUAGUCUUCAAAACUAGUGUGGGGCGUUAAGAGCGUCCCGGGUGGGUUCGAUUCCCACAUGCCUCCGCCA,98,Faecalicatena fissicatena tRNA-Sec,Faecalicatena fissicatena,tRNA,selenocysteinyl_tRNA,ENA,98,,0
URS0000C9904C_1970528,GAAGAGAUGCGUUCCCCGGUGGGGCGGCCGGACUUCAAAUCCGGUAAGGGCCGUCAGACGGUCCUUGGUGGGUUCGACUCCCACUCUCUUCCGCCA,96,Hydrogenophilales bacterium 17-64-65 tRNA-Sec,Hydrogenophilales bacterium 17-64-65,tRNA,selenocysteinyl_tRNA,ENA,96,,0
URS0000B62277_2497861,GGAAGAGGAUCGACCCCCGGUGGGGCGGCCAGACUUCAAAUCUGGCAGGGGCUGCCAGCGGUCCCUGGUGGGUUCGACUCCCACGCUCUUCCGCCA,96,Halomonas sp. BC-M4-5 tRNA-Sec,Billgrantia tianxiuensis,tRNA,selenocysteinyl_tRNA,ENA,96,,0
URS0000B62277_2717286,GGAAGAGGAUCGACCCCCGGUGGGGCGGCCAGACUUCAAAUCUGGCAGGGGCUGCCAGCGGUCCCUGGUGGGUUCGACUCCCACGCUCUUCCGCCA,96,Billgrantia bachuensis tRNA-Sec,Billgrantia bachuensis,tRNA,selenocysteinyl_tRNA,ENA,96,,0
URS0000B62277_2733484,GGAAGAGGAUCGACCCCCGGUGGGGCGGCCAGACUUCAAAUCUGGCAGGGGCUGCCAGCGGUCCCUGGUGGGUUCGACUCCCACGCUCUUCCGCCA,96,Halomonas sp. MCCC 1A11059 tRNA-Sec,Billgrantia sulfidoxydans,tRNA,selenocysteinyl_tRNA,ENA,96,,0
URS00007827B7_2015360,GAAGGCAUUCGUAUCCGGUGGUACGGCCGGGCUUCAAACCCGGUUGGGGGUGUCAGACACUCCCGGGUCAGUUCGACUCUGGCUGCCUUCCGCCA,95,Burkholderia sp. HI2761 tRNA-Sec,Burkholderia sp. HI2761,tRNA,selenocysteinyl_tRNA,ENA,95,,0
URS00007827B7_292,GAAGGCAUUCGUAUCCGGUGGUACGGCCGGGCUUCAAACCCGGUUGGGGGUGUCAGACACUCCCGGGUCAGUUCGACUCUGGCUGCCUUCCGCCA,95,Burkholderia cepacia tRNA-Sec,Burkholderia cepacia,tRNA,selenocysteinyl_tRNA,ENA,95,,0
URS00007827B7_87883,GAAGGCAUUCGUAUCCGGUGGUACGGCCGGGCUUCAAACCCGGUUGGGGGUGUCAGACACUCCCGGGUCAGUUCGACUCUGGCUGCCUUCCGCCA,95,Burkholderia multivorans tRNA-Sec,Burkholderia multivorans,tRNA,selenocysteinyl_tRNA,ENA,95,,0
URS00007827B7_95486,GAAGGCAUUCGUAUCCGGUGGUACGGCCGGGCUUCAAACCCGGUUGGGGGUGUCAGACACUCCCGGGUCAGUUCGACUCUGGCUGCCUUCCGCCA,95,Burkholderia cenocepacia tRNA-Sec,Burkholderia cenocepacia,tRNA,selenocysteinyl_tRNA,ENA,95,,0
URS000084FA47_1038857,GGAGGCGUCCGGGUCCUGGUGGGCCCCCCGGUCUUCAAAACCGGUGAGACCGAGCACCUCGGUCUGGCGGGUUCGAUUCCCGUCCGCCUCCGCCA,95,Kocuria sediminis tRNA-Sec,Kocuria sediminis,tRNA,selenocysteinyl_tRNA,ENA,95,,0
URS000084FA47_199591,GGAGGCGUCCGGGUCCUGGUGGGCCCCCCGGUCUUCAAAACCGGUGAGACCGAGCACCUCGGUCUGGCGGGUUCGAUUCCCGUCCGCCUCCGCCA,95,Brevibacterium luteolum tRNA-Sec,Brevibacterium luteolum,tRNA,selenocysteinyl_tRNA,ENA,95,,0
URS000084FA47_3071447,GGAGGCGUCCGGGUCCUGGUGGGCCCCCCGGUCUUCAAAACCGGUGAGACCGAGCACCUCGGUCUGGCGGGUUCGAUUCCCGUCCGCCUCCGCCA,95,Kocuria sp. CPCC 205281 tRNA-Sec,Kocuria sp. CPCC 205281,tRNA,selenocysteinyl_tRNA,ENA,95,,0
URS000084FA47_988827,GGAGGCGUCCGGGUCCUGGUGGGCCCCCCGGUCUUCAAAACCGGUGAGACCGAGCACCUCGGUCUGGCGGGUUCGAUUCCCGUCCGCCUCCGCCA,95,Kocuria oceani tRNA-Sec,Kocuria oceani,tRNA,selenocysteinyl_tRNA,ENA,95,,0
URS000082A0C2_2830769,GGAAGAUCAUCGUCCCCGGUGGGGCGGCUGGACUUCAAAUCCAGAUGGGGCCGCCAGCGGUCCUCGGCAGGUUCGACUCCUGUGAUCUUCCGCCA,95,Yersinia sp. Marseille-Q3913 tRNA-Sec,Yersinia sp. Marseille-Q3913,tRNA,selenocysteinyl_tRNA,ENA,95,,0
URS000082B22C_1590041,GGAAGAGAGGCACUCCCGGUGGGGUGGCUGGUCUUCAAAACCAGAAGGGGCCGCCAGCGGUCCCGGGUGGGUUCGACUCCCAUUCUCUUCCGCCA,95,Aquitalea sp. USM4 tRNA-Sec,Aquitalea sp. USM4,tRNA,selenocysteinyl_tRNA,ENA,95,,0
URS0000ADADB9_485602,GGAGGCGCUUCCGGCCUGGUGACCGGCGCGGUCUUCAACAUCGUUGAACGGCAGGCACUGCCGUUGGCGGGUUCGAUUCCCGUUCGCCUCCGCCA,95,Actinophytocola xinjiangensis tRNA-Sec,Actinophytocola xinjiangensis,tRNA,selenocysteinyl_tRNA,ENA,95,,0
URS0000B02F39_395600,GAAGGUAAUCGCGCCCGGUGGCGCGGCCGGGCUUCAAACCCGGUGGGGGACGGCAUCCGUUCCCGGGCAGGUUCGACUCCGGCUACCUUCC,91,Pseudomonas mohnii tRNA_Opal_TCA,Pseudomonas mohnii,tRNA,selenocysteinyl_tRNA,ENA,91,,0
URS0000A5538D_482462,GGAGGCGUUUGGGUUCCUGGUGGUCCCCCCGGUCUUCAAAACCGGUGAGAUCGAGUAUCUCGGUCUGGCGGGUUCGAUUCCCGUCCGCCUCC,92,Mycobacterium sp. PH-06 Selenocysteine transfer RNA,Mycobacterium dioxanotrophicus,tRNA,selenocysteinyl_tRNA,Rfam,92,,0
URS0000D3DB3F_1851513,GGAAGAUCGUCAUCUCCGGUGAGGUGGCUGGACUUCAAAUCCAGUUGGGGCCGCCAGCGGUCCUGGGCAGGUUCGACUCCUGUGAUCUUCCGCCA,95,Enterobacteriaceae bacterium CCUG 67584 tRNA-Sec,Enterobacteriaceae bacterium CCUG 67584,tRNA,selenocysteinyl_tRNA,ENA,95,,0
URS0000D3DB3F_1898428,GGAAGAUCGUCAUCUCCGGUGAGGUGGCUGGACUUCAAAUCCAGUUGGGGCCGCCAGCGGUCCUGGGCAGGUUCGACUCCUGUGAUCUUCCGCCA,95,Leclercia sp. (terrestrial metagenome) tRNA-Sec,Leclercia sp.,tRNA,selenocysteinyl_tRNA,ENA,95,,0
URS0000D3DB3F_1920118,GGAAGAUCGUCAUCUCCGGUGAGGUGGCUGGACUUCAAAUCCAGUUGGGGCCGCCAGCGGUCCUGGGCAGGUUCGACUCCUGUGAUCUUCCGCCA,95,Leclercia sp. LSNIH5 tRNA-Sec,Leclercia sp. LSNIH5,tRNA,selenocysteinyl_tRNA,ENA,95,,0
URS0000D3DB3F_2555644,GGAAGAUCGUCAUCUCCGGUGAGGUGGCUGGACUUCAAAUCCAGUUGGGGCCGCCAGCGGUCCUGGGCAGGUUCGACUCCUGUGAUCUUCCGCCA,95,Enterobacter sp. MF024 tRNA-Sec,Enterobacter sp. MF024,tRNA,selenocysteinyl_tRNA,ENA,95,,0
URS0000D3DB3F_2681309,GGAAGAUCGUCAUCUCCGGUGAGGUGGCUGGACUUCAAAUCCAGUUGGGGCCGCCAGCGGUCCUGGGCAGGUUCGACUCCUGUGAUCUUCCGCCA,95,Leclercia sp. Colony189 tRNA-Sec,Leclercia sp. Colony189,tRNA,selenocysteinyl_tRNA,ENA,95,,0
URS0000D3DB3F_2898725,GGAAGAUCGUCAUCUCCGGUGAGGUGGCUGGACUUCAAAUCCAGUUGGGGCCGCCAGCGGUCCUGGGCAGGUUCGACUCCUGUGAUCUUCCGCCA,95,Leclercia sp. G3L tRNA-Sec,Leclercia sp. G3L,tRNA,selenocysteinyl_tRNA,ENA,95,,0
URS0000D3DB3F_3096525,GGAAGAUCGUCAUCUCCGGUGAGGUGGCUGGACUUCAAAUCCAGUUGGGGCCGCCAGCGGUCCUGGGCAGGUUCGACUCCUGUGAUCUUCCGCCA,95,Leclercia sp. CFBP8987 tRNA-Sec,Leclercia sp. CFBP8987,tRNA,selenocysteinyl_tRNA,ENA,95,,0
URS0000D3DB3F_702656,GGAAGAUCGUCAUCUCCGGUGAGGUGGCUGGACUUCAAAUCCAGUUGGGGCCGCCAGCGGUCCUGGGCAGGUUCGACUCCUGUGAUCUUCCGCCA,95,compost metagenome tRNA-Sec,compost metagenome,tRNA,selenocysteinyl_tRNA,ENA,95,,0
URS0000D3DB3F_83655,GGAAGAUCGUCAUCUCCGGUGAGGUGGCUGGACUUCAAAUCCAGUUGGGGCCGCCAGCGGUCCUGGGCAGGUUCGACUCCUGUGAUCUUCCGCCA,95,Leclercia adecarboxylata tRNA-Sec,Leclercia adecarboxylata,tRNA,selenocysteinyl_tRNA,ENA,95,,0
URS0000C9D19E_1973984,GGAAGUGCACAGCUCACUGGUGGGGCUCCCGGACUUCAAAUCCGGUGUGAGGCGCUAAAACCGUCUCGGGUGGGUUCGAUUCCCAUGCACUUCCGCCA,98,Desulfobacterales bacterium CG23_combo_of_CG06-09_8_20_14_all_52_9 tRNA-Sec,Desulfobacterales bacterium CG23_combo_of_CG06-09_8_20_14_all_52_9,tRNA,selenocysteinyl_tRNA,ENA,98,,0
URS0000D827B3_1686310,GGAAGGGCUUUUCAUCCGGUGAUGGAUGCGGCCUUCAAAGCCGUAAGGGGCCGUGAGACGGUCUUUUAUGGGUUCGACUCCCAUGCUCUUCC,92,Bartonella apis Selenocysteine transfer RNA,Bartonella apis,tRNA,selenocysteinyl_tRNA,Rfam,92,,9
URS0000C85A3A_864142,GCACCGAUGAGUUAGCAUGGUUGCUAAGAAUGACUUCAAAUCAUUCGGCGUAGGUUUACUGCGCAGAGGUUCGAUUCCUCCUUCGGUGC,89,Plasmodium ovale wallikeri Selenocysteine transfer RNA,Plasmodium ovale wallikeri,tRNA,selenocysteinyl_tRNA,Rfam,89,,9
URS0000B3727C_2928017,GGAAGUGCCAAGGUCACUGGUGGGCCUCCCGGACUUCAAAUCCGGAGUGAGGGGCUAGACACCUCUCAGGUGGGUUCGAUUCCCAUGCACUUCCGCCA,98,Syntrophales bacterium tRNA-Sec,Syntrophales bacterium,tRNA,selenocysteinyl_tRNA,ENA,98,,0
URS0000D83ADD_418985,ACCUGGCUGAUCUCCGGUGGUCCGGGGUGUAGGCUUCAAACCUGUAGCUGAUUAGAGUCAGAGUGGUUCGAUUCCACCUGCCAGGU,86,Tropilaelaps mercedesae Selenocysteine transfer RNA,Tropilaelaps mercedesae,tRNA,selenocysteinyl_tRNA,Rfam,86,,9
URS0000ADD50F_1812934,GGAAGAUCGUCAUCUCCGGUGAGGUGGCUGGACUUCAAAUCCAGUUGGGGGCGCCAGCGCUCCCGGGCAGGUUCGACUCCUGUGAUCUUCCGCCA,95,Enterobacter hormaechei subsp. hoffmannii tRNA-Sec,Enterobacter hormaechei subsp. hoffmannii,tRNA,selenocysteinyl_tRNA,ENA,95,,0
URS0000D016A0_2282152,GAGAGCGCAUGGGGACUGGUGUCCUCCGCAGCCUUCAAAGCUGUCUGCGGGGUGGGUUGCCCCCGUCCCGGGUGGGUUCGAUUCCCACGCGCUCUCGCCA,100,Chthonomonadia bacterium tRNA-Sec,Chthonomonadia bacterium,tRNA,selenocysteinyl_tRNA,ENA,100,,0
URS0000B693D6_1965569,GGGGGCAGAAAAGCAACUGGUGUGCUUCCGGGUCUUCAAAACCUGUGUGGGGCGCGGAAAGCGUCCCGGGUGGGUUCGAUUCCCACAUGUCCCCGCCA,98,Lachnoclostridium sp. An169 tRNA-Sec,Lachnoclostridium sp. An169,tRNA,selenocysteinyl_tRNA,ENA,98,,0
URS0000B693D6_2838664,GGGGGCAGAAAAGCAACUGGUGUGCUUCCGGGUCUUCAAAACCUGUGUGGGGCGCGGAAAGCGUCCCGGGUGGGUUCGAUUCCCACAUGUCCCCGCCA,98,Candidatus Mediterraneibacter cottocaccae tRNA-Sec,Candidatus Mediterraneibacter cottocaccae,tRNA,selenocysteinyl_tRNA,ENA,98,,0
URS0000ADD9A9_673379,GGAGGCGUAAGGGUGCCUGGUGGCCCCCGCGGUCUUCAAAACCGACGUGGCCGAGCAACUCGGUCAGGCGGGUUCGAUUCCCGUCCGCCUCC,92,Actinopolyspora alba tRNA_SeC(p)_TCA,Actinopolyspora alba,tRNA,selenocysteinyl_tRNA,ENA,92,,0
URS0000ADD9A9_995060,GGAGGCGUAAGGGUGCCUGGUGGCCCCCGCGGUCUUCAAAACCGACGUGGCCGAGCAACUCGGUCAGGCGGGUUCGAUUCCCGUCCGCCUCC,92,Actinopolyspora righensis tRNA_SeC(p)_TCA,Actinopolyspora righensis,tRNA,selenocysteinyl_tRNA,ENA,92,,0
URS0000ADD9A9_995066,GGAGGCGUAAGGGUGCCUGGUGGCCCCCGCGGUCUUCAAAACCGACGUGGCCGAGCAACUCGGUCAGGCGGGUUCGAUUCCCGUCCGCCUCC,92,Actinopolyspora sp. H55 Selenocysteine transfer RNA,Actinopolyspora mzabensis,tRNA,selenocysteinyl_tRNA,ENA; Rfam,92,,0
URS00007FE606_706570,GGAAGGCAAGCGUGUCCGGUGGCGCGGCUGGACUUCAAAUUCAGUUGGGGGCGGCAGCCGCUCCCGGGUAGGUUCGACUCCUACUGCCUUCCGCCA,96,Pseudomonas flexibilis tRNA-Sec,Pseudomonas flexibilis,tRNA,selenocysteinyl_tRNA,ENA,96,,0
URS00008D4280_229919,GGGGAUGGAUGAGCCCCGGUGGGCUUCGCGGUCUUCAAAACCGUUGGCGGGUCGCGUUGCGGGCCGCGGUGGGUUCGACUCCCAUCCAUUCCC,93,Anaerolinea thermolimosa Selenocysteine transfer RNA,Anaerolinea thermolimosa,tRNA,selenocysteinyl_tRNA,ENA; Rfam,93,,0
URS0000C9F943_2900548,GGAGGUGAAUGAGCGCCUGGUGGGCUCCACAGUCUUCAAAACUGUUGAAAGGUGUAAAAAUCUUUGGCAGGUUCGAUUCCUGUCCACCUCCGCUA,95,Actinomycetota bacterium tRNA-Sec,Actinomycetota bacterium,tRNA,selenocysteinyl_tRNA,ENA,95,,0
URS0000C545E4_1385511,GGGGUUGGAUGGGGUACUGGUGUCCCCCGCGGUCUUCAAAACCGUUUGAGAGGCGCGUGCCGUCUCUGGUGGGUUCGAUUCCCACACAGUCCC,93,Pontibacillus marinus BH030004 = DSM 16465 Selenocysteine transfer RNA,Pontibacillus marinus BH030004 = DSM 16465,tRNA,selenocysteinyl_tRNA,Rfam,93,,9
URS00008D4B03_1523428,GGAGGGGAAACGAUCCUGGUGGGUCGGCCGGGCUUCAAACCCGGUGGGUGACGCCACGCGUCGCCGGGUGGGUUCGACUCCCAUUCCCCUCCGCCA,96,beta proteobacterium AAP99 tRNA-Sec,beta proteobacterium AAP99,tRNA,selenocysteinyl_tRNA,ENA,96,,0
URS0000C18274_635003,GUGUGCAUGAUCCUGCCUGGUGGUAGGUACAGACUUCAAAUCUGUAGACGGCUAACGCCGUAGUUGUUCGAUUCAACCUUGCGCAC,86,Fragilariopsis cylindrus CCMP1102 Selenocysteine transfer RNA,Fragilariopsis cylindrus CCMP1102,tRNA,selenocysteinyl_tRNA,Rfam,86,,9
URS0000D892B4_560556,GGAGGCGAGUGGGCGCCUGGUGGUCCUCGCGGUCUUCAAAACCGGCGUGAUCCGGCAUCCGGGUCAGGCGGGUUCGAUUCCCGUACGCCUCC,92,Asanoa sp. 210121 Selenocysteine transfer RNA,Asanoa hainanensis,tRNA,selenocysteinyl_tRNA,Rfam,92,,9
URS0000D892BC_163877,GGGGUUGGAUGGGUGACUGGUGUCCCCCUGGGUCUUCAAAACCCUGAGGGGCCUGCGUGCCAGGCUCGGUGGGUUCGAUUCCCACACAGUCCC,93,Virgibacillus necropolis Selenocysteine transfer RNA,Virgibacillus necropolis,tRNA,selenocysteinyl_tRNA,Rfam,93,,9
URS0000B3B617_2838588,GGGGGUGGAAGGGUAUCUGGUGAGCCCCGCGGUCUUCAAAACCGUUGGGGACGGCGUUCCCGUCCCGGUGUGUUCGAUCCGCACCCACCCUCGCCA,96,Candidatus Flavonifractor merdavium (gut metagenome) tRNA-Sec,Candidatus Flavonifractor merdavium,tRNA,selenocysteinyl_tRNA,ENA,96,,0
URS00009EC840_544718,GGAAGGUAUGUGUAUCUGGUGAGCACCACAGGCUUCAACCCUGAUUGUCGGUUUUUGUGUAAACGCCGAGAGAGGUUCGAUUCCUCUACCUUCUC,95,Arcobacter thereius tRNA-Sec,Aliarcobacter thereius,tRNA,selenocysteinyl_tRNA,ENA,95,,0
URS0000AE0374_1973963,GGAAGUGGAAAGCUCACUGGUGGGGCUCCCGGACUUCAAAUCCGGUGUAUCGUCUGAAAAGGGCGAUAGGUGGGUUCGAUUCCCAUGCACUUCCGCCA,98,Deltaproteobacteria bacterium CG_4_8_14_3_um_filter_51_11 tRNA-Sec,Deltaproteobacteria bacterium CG_4_8_14_3_um_filter_51_11,tRNA,selenocysteinyl_tRNA,ENA,98,,0
URS0000D8BA9A_1581050,GGAGGCGUCUGCGUCCUGGUGGGCGCCCCGGUCUUCAAAACCGGUGAGGCCGAGUAUCUCGGUCUGGCAGGUUCGAUUCCUGUCCGUCUCC,91,Corynebacterium sp. HMSC04H06 Selenocysteine transfer RNA,Corynebacterium sp. HMSC04H06,tRNA,selenocysteinyl_tRNA,Rfam,91,,9
URS0000BECF83_6216,GCCGAGAUGAUCCUCGGUGGUCCGGGGUGCAGGCUUCAAACCUGUAGCCGGUUAGCGCCGGAGCAGUUCGAUUCCGCCUUCUCGGC,86,Hymenolepis diminuta Selenocysteine transfer RNA,Hymenolepis diminuta,tRNA,selenocysteinyl_tRNA,Rfam,86,,9
URS0000A058E0_2949745,GGGGGUAGUUGGGUAACUGGUGUGCCUCCUAGUCUUCAAAACUAGUGUAGGGCGUUAAGAGCGUCCUGGGUGGGUUCGAUUCCCACAUGCCUCCGCCA,98,Dorea sp. MB18-49 tRNA-Sec,Dorea sp. MB18-49,tRNA,selenocysteinyl_tRNA,ENA,98,,0
URS0000A727BC_1856859,GGAGGCGUGUCCGGUCUGGUGACCGGCGCGGUCUUCAAAACCGUCGAGCGGCAGACGCUGCCGUUGGCGGGUUCGAUUCCCGUCCGCCUCCGCCA,95,Mycobacterium sp. 1423905.2 tRNA-Sec,Mycobacterium sp. 1423905.2,tRNA,selenocysteinyl_tRNA,ENA,95,,0
URS0000AC9506_1803489,GGUAGCGCGCCCCGAUCUGGUGACGGGCCCGGUCUUCAAAACCGGUGGCGGGCGCUGAGAGGCGUCCUCGGUGGGUUCGAUUCCCAUGCGCUACCGCCA,99,Actinobacteria bacterium 13_1_40CM_4_65_12 tRNA-Sec,Actinobacteria bacterium 13_1_40CM_4_65_12,tRNA,selenocysteinyl_tRNA,ENA,99,,0
URS0000AF194F_137265,GACCUGAUGGCGUCGCUGGUGCGGCGGUCGGUCCGCAAAACCGAAUCCCGGAAACGGGCAAAGGGUUCAAUUCCCUGUCAGGUCU,85,Asanoa ishikariensis tRNA_Cys_GCA,Asanoa ishikariensis,tRNA,selenocysteinyl_tRNA,ENA,85,,0
URS000076EDAF_1121324,GGGAGUAGAUGAGUGCUGGUGUGCUCUCUGGUCUUCAAAACCAGUACGGGGGGUUAAGAGCUUCCUGGGUGGGUUCGAUUCCCACGUAUUCCC,93,Peptoclostridium litorale DSM 5388 Selenocysteine transfer RNA,Peptoclostridium litorale DSM 5388,tRNA,selenocysteinyl_tRNA,Rfam; ENA,93,trnU,9
URS0000840301_3385969,GGAGGCGUCUGAGUCCUGGUGGGUUCCCCGGUCUUCAAAACCGGUGAGGCCGAGUAGCUCGGCCUGGCGGGUUCGAUUCCCGUCCGCCUCCGCCA,95,Mycobacterium sp. SMC-11 tRNA-Sec,Mycobacterium sp. SMC-11,tRNA,selenocysteinyl_tRNA,ENA,95,,0
URS000076F739_292,GGUAGUCGUAUCCGGUGGUACGGCCGGGCUUCAAACCCGGUUGGGGGUGUCAGACACUCCCGGGUCGGUUCGACUCCGGCUGCCUUCCGCCA,92,Burkholderia cepacia tRNA-Sec,Burkholderia cepacia,tRNA,selenocysteinyl_tRNA,ENA,92,,0
URS00009D45A1_1385590,GAAGGCAUCCGUAUCCGGUGGUGCGGCUGGGCUUCAAACCCAGUUGGUGCGGUCAGCCCGCGCUAGGUAGGUUCGACUCCUGCUGCCUUCCGCCA,95,Burkholderia sp. BDU5 tRNA-Sec,Burkholderia sp. BDU5,tRNA,selenocysteinyl_tRNA,ENA,95,,0
URS0000B1D3A9_1871052,GGAGGCGUUUAGGUUCCUGGUGGUCCUCCCGGUCUUCAAAACCGGUGAGACCGAGUACCUCGGUCUGGCAGGUUCGAUUCCUGUCCGCCUCCGCCA,96,Afipia sp. (bioreactor metagenome) tRNA-Sec,Afipia sp.,tRNA,selenocysteinyl_tRNA,ENA,96,,0
URS00008EFD29_2070657,GGAAGGCAAUCGCGUCCGGUGGCGCGGCCGGGCUUCAAACCCGGUUGGGGACGGCAGCCGUUCCCGGGCAGGUUCGACUCCUGCUGCCUUCCGCCA,96,Pseudomonas sp. FW306-02-H05-AA tRNA-Sec,Pseudomonas sp. FW306-02-H05-AA,tRNA,selenocysteinyl_tRNA,ENA,96,,0
URS00008EFD29_294,GGAAGGCAAUCGCGUCCGGUGGCGCGGCCGGGCUUCAAACCCGGUUGGGGACGGCAGCCGUUCCCGGGCAGGUUCGACUCCUGCUGCCUUCCGCCA,96,Pseudomonas fluorescens tRNA-Sec,Pseudomonas fluorescens,tRNA,selenocysteinyl_tRNA,ENA,96,,0
URS0000B1EDE6_169430,GAAGGCAUUCGUAUCUGGUGGUGCGGCUGGGCUUCAAACCCAGUAGGGGGUGUCAGCCACUCUCUGGUCGGUUCGACUCCGGCUGCCUUCC,91,Paraburkholderia hospita tRNA_Opal_TCA,Paraburkholderia hospita,tRNA,selenocysteinyl_tRNA,ENA,91,,0
URS0000B1EDE6_1882791,GAAGGCAUUCGUAUCUGGUGGUGCGGCUGGGCUUCAAACCCAGUAGGGGGUGUCAGCCACUCUCUGGUCGGUUCGACUCCGGCUGCCUUCC,91,Burkholderia sp. CF099 tRNA_Opal_TCA,Burkholderia sp. CF099,tRNA,selenocysteinyl_tRNA,ENA,91,,0
URS00007EB21A_2184564,GAAGGCAUUCGUAUCCGGUGGUACGGCCGGACUUCAAAUCCGGUUGGGGGUGUCAGACACUCCCGGGUAGGUUCGACUCCUGCUGCCUUCCGCCA,95,Burkholderia sp. Bp9016 tRNA-Sec,Burkholderia sp. Bp9016,tRNA,selenocysteinyl_tRNA,ENA,95,,0
URS00007EB21A_2184565,GAAGGCAUUCGUAUCCGGUGGUACGGCCGGACUUCAAAUCCGGUUGGGGGUGUCAGACACUCCCGGGUAGGUUCGACUCCUGCUGCCUUCCGCCA,95,Burkholderia sp. Bp9017 tRNA-Sec,Burkholderia sp. Bp9017,tRNA,selenocysteinyl_tRNA,ENA,95,,0
URS00007EB21A_60552,GAAGGCAUUCGUAUCCGGUGGUACGGCCGGACUUCAAAUCCGGUUGGGGGUGUCAGACACUCCCGGGUAGGUUCGACUCCUGCUGCCUUCCGCCA,95,Burkholderia vietnamiensis tRNA-Sec,Burkholderia vietnamiensis,tRNA,selenocysteinyl_tRNA,ENA,95,,0
URS0000AF58C4_1090615,GGAGGCGUAAAGGCGUCUGGUGGCCCUCCCGGUCUUCAAAACCGGUGGAGCCGAGUAUCUCGGUUCGGCGGGUUCGAUUCCCGUCCGCCUCC,92,Nakamurella sp. P4-7 Selenocysteine transfer RNA,Nakamurella panacisegetis,tRNA,selenocysteinyl_tRNA,ENA; Rfam,92,,9
URS0000B1F9E5_1797627,GGGAGCGGAUGAGUCCUGGUGGGCUUCGCGGACUUCAAAUCCGUUGGGGGGCAUUAAACAUGUCUUCGGUGGGUUCGACUCCCAUGCGCUCCCGCCA,97,Chloroflexi bacterium RBG_13_52_12 tRNA-Sec,Chloroflexi bacterium RBG_13_52_12,tRNA,selenocysteinyl_tRNA,ENA,97,,0
URS0000C06F15_1736316,GCAUCGGGAAGCGUGCCUGGUGGCACGGCCGGGCUUCAAACCCGGUGGGUGACGUCACGCGUCGCCGGGUGGCUUCGACUCCCACUCCCGUGC,93,Pseudorhodoferax sp. Leaf267 Selenocysteine transfer RNA,Pseudorhodoferax sp. Leaf267,tRNA,selenocysteinyl_tRNA,Rfam,93,,9
URS0000A46553_339861,GGGAGUAGAUAGGUGCUGGUGUGCCUGCCGGUCUUCAAAACCGUUCUGCCGUGCUAAGACCACGACGGGUGGGUUCGAUUCCCACAUAUUCCCGCCA,97,Clostridium aciditolerans tRNA-Sec,Clostridium aciditolerans,tRNA,selenocysteinyl_tRNA,ENA,97,,0
URS0000B93C5C_1934248,GGAAGUGCGCAGCUUACUGGUGAGGCUCCCGGACUUCAAAUCCGGUGUGGGGCGCUGAUACCGUCCCGGGUGGGUUCGAUUCCCAUGCACUUCCGCCA,98,Desulfobacteraceae bacterium IS3 tRNA-Sec,Desulfobacteraceae bacterium IS3,tRNA,selenocysteinyl_tRNA,ENA,98,,0
URS0000B93C5C_1977087,GGAAGUGCGCAGCUUACUGGUGAGGCUCCCGGACUUCAAAUCCGGUGUGGGGCGCUGAUACCGUCCCGGGUGGGUUCGAUUCCCAUGCACUUCCGCCA,98,Proteobacteria bacterium tRNA-Sec,Pseudomonadota bacterium,tRNA,selenocysteinyl_tRNA,ENA,98,,0
URS0000C74D31_883081,GGGAAUGGAUGGGAAACUGGUGUUCCCUCUGGUCUUCAAAACCAGUAUGAGGGGUUAGGAGCUCCUUGGGUGAGUUCGAUUCUCACACAUUCCC,94,Alloiococcus otitis ATCC 51267 Selenocysteine transfer RNA,Alloiococcus otitis ATCC 51267,tRNA,selenocysteinyl_tRNA,Rfam,94,,9
URS0000C74F90_1777133,GGAAGGCAUCCGUAUCCGGUGGUGCGGCUGGGCUUCAAACCCAGUUGGGGGUGUCAGACACUCCCAGGUAGGUUCGACUCCUGCUGCCUUCC,92,Caballeronia concitans Selenocysteine transfer RNA,Caballeronia concitans,tRNA,selenocysteinyl_tRNA,Rfam,92,,0
URS0000B21B38_1797483,GGAAGAGUUGCGUCCCCGGUGGGGCGCCUGGACUUCAAAUCCAGUGAGGGGGCGCGAGCGUUCCCUGGGGUUCGACUCCCACCUCUUCCGCCA,93,Betaproteobacteria bacterium RIFCSPLOWO2_02_67_12 tRNA-Sec,Betaproteobacteria bacterium RIFCSPLOWO2_02_67_12,tRNA,selenocysteinyl_tRNA,ENA,93,,0
URS0000B9534C_1913989,GGAAGAGUACCAUCCCCGGUGGGGUGCCCGGACUUCAAACCCGGUGAAGUCUGUUAAUAACAGGCUUGGUGGGUUCGACUCCUGCCUCUUCCGCCA,96,Gammaproteobacteria bacterium tRNA-OTHER,Gammaproteobacteria bacterium,tRNA,selenocysteinyl_tRNA,ENA,96,,0
URS0000AD0EF2_1904967,GGAGGCGUCUGGGUGUCUGGUGGCCCCCGCGGUCUUCAAAACCGACGUGGCCGAGCAACUCGGCCAGGCGGGUUCGAUUCCCGUCCGCCUCCGCCA,96,Pseudonocardia sp. CNS-004 tRNA-Sec,Pseudonocardia sp. CNS-004,tRNA,selenocysteinyl_tRNA,ENA,96,,0
URS00008F5417_1003091,GGAGGCGAACGGGGUCUGGUGGCCCUCCUGGUCUUCAAAACCAGUGGUACGCCAACAGCGUACGGUGGGUUCGAUUCCCAUCCGCUUCCGCCA,93,Methylobacterium thuringiense tRNA-Sec,Methylobacterium thuringiense,tRNA,selenocysteinyl_tRNA,ENA,93,,0
URS00008F5417_2024616,GGAGGCGAACGGGGUCUGGUGGCCCUCCUGGUCUUCAAAACCAGUGGUACGCCAACAGCGUACGGUGGGUUCGAUUCCCAUCCGCUUCCGCCA,93,Methylobacterium sp. P1-11 tRNA-Sec,Methylobacterium sp. P1-11,tRNA,selenocysteinyl_tRNA,ENA,93,,0
URS00008F5417_334852,GGAGGCGAACGGGGUCUGGUGGCCCUCCUGGUCUUCAAAACCAGUGGUACGCCAACAGCGUACGGUGGGUUCGAUUCCCAUCCGCUUCCGCCA,93,Methylobacterium oryzae tRNA-Sec,Methylobacterium oryzae,tRNA,selenocysteinyl_tRNA,ENA,93,,0
URS00026D7EEF_1891229,GGAAGAGCAUUGUCCCCGGUGGGGCGCCUGGUCUUCAAAACCAGUGAGGUGCUGUAGAAGUGCCUGGCGGGUUCGACUCCUGCCUCUUCCGCCA,94,Pseudomonadales bacterium tRNA-Sec,Pseudomonadales bacterium,tRNA,selenocysteinyl_tRNA,ENA,94,,0
URS00009DD9D1_1671366,GGGGGUAGAUGAGUAACUGGUGUGCUUCCUGGUCUUCAAAACCAGUGUGGGGCGUUAAGAGCGUCCUGGGUGGGUUCGAUUCCCACAUGCCCUCGCCA,98,Ruminococcus sp. DSM 100440 tRNA-Sec,Ruminococcus sp. DSM 100440,tRNA,selenocysteinyl_tRNA,ENA,98,,0
URS00009DDAC1_2184566,GAAGGCAUUCGUAUCCGGUGGUACGGCUGGACUUCAAAUCCAGUUGGGGGUGUCAGACACUCCCGGGUCGGUUCGACUCCGGCUGCCUUCCGCCA,95,Burkholderia sp. Bp9031 tRNA-Sec,Burkholderia sp. Bp9031,tRNA,selenocysteinyl_tRNA,ENA,95,,0
URS0000AFB70D_587636,GGAGGUGUCUGGGUUCCUGGUGGUCCCCCCGGUCUUCAAAACCGGUGAGGCCGAGCAUCUCGGUCUGGCGGGUUCGAUUCCCGUCCACCUCCG,93,Phycicoccus cremeus tRNA_Opal_TCA,Pedococcus cremeus,tRNA,selenocysteinyl_tRNA,ENA,93,,0
URS00009DEED7_1772287,GGAGGCGUAUCCGGUCUGGUGACCGGCGCGGUCUUCAAAAUCGCUGAGCGGCAGAUUCUGUCGCUGGCGGGUUCGAUUCCCGUCCGCCUCCGCCA,95,Mycobacterium sp. GA-1199 tRNA-Sec,Mycobacterium sp. GA-1199,tRNA,selenocysteinyl_tRNA,ENA,95,,0
URS0000C7AA47_333138,GGGGCUGGCUGUGACACUGGUGUUCGCCACGGUCUUCAAAACCGCUUGGGAGGCGCGUGCCGUCUCCGCUAGGUUCGAUUCCUAGACAGUCCC,93,Bacillus okhensis Selenocysteine transfer RNA,Halalkalibacter okhensis,tRNA,selenocysteinyl_tRNA,Rfam,93,,9
URS0000A13940_1217799,GGAGGCGGAAAGGCUCUGGUGGGCCUCGCGGUCUUCAAAACCGUAGGCGGCGGCGCAAACCGCCGCGGGGGGUUCGAUUCCCUUCCCCUCC,91,Dehalogenimonas alkenigignens Selenocysteine transfer RNA,Dehalogenimonas alkenigignens,tRNA,selenocysteinyl_tRNA,ENA; Rfam,91,,9
URS0000C96E8F_1904753,GGGGCUGGUUGCGUAGCUGGUGCUUGCCUAGGUCUUCAAAACCUUUUGGGAGGUGCGUGCCAUCUCUGGUGGGUUCGAUUCCCACACAGUCCCGCCA,97,Bacillus sp. SA5d-4 tRNA-Sec,Lottiidibacillus patelloidae,tRNA,selenocysteinyl_tRNA,ENA,97,,0
URS0000C0DFA6_396014,GGAGGCGUCCGGGUCCUGGUGGGCCCCCCGGUCUUCAAAACCGGUGAAGCCGAGCAUCUCGGCUUGGCGGGUUCGAUUCCCGUCCGCCUCC,91,Brachybacterium phenoliresistens Selenocysteine transfer RNA,Brachybacterium phenoliresistens,tRNA,selenocysteinyl_tRNA,Rfam,91,,9
URS0000AD5DC3_208224,GGAAGAUCGUCGUCUCCGGUGAGGCGGCUGGACUUCAAAUCCAGUUGGUGCCGCCAGCGGUGCCGGGCAGGUUCGACUCCUGUGAUCUUCCGCCA,95,Enterobacter kobei tRNA-SeC,Enterobacter kobei,tRNA,selenocysteinyl_tRNA,ENA,95,,0
URS00009E1C76_326474,GGAAGGCAUCCGUAUCCGGUGGUGCGGCUGGGCUUCAAACCCAGUAGGGGGCGUCAGCCGCUCCCUGGUAGGUUCGACUCCUGCUGCCUUCCGCC,95,Caballeronia humi tRNA-Sec,Caballeronia humi,tRNA,selenocysteinyl_tRNA,ENA,95,,0
URS00007C4AF6_1987580,GGAAGAUCAUCGUCCCCGGUGGGGCGGCUGGACUUCAAAUCCAGAUGGGGCCGCCAGCGGUCCUUGGCAGGUUCGACUCCUGUGAUCUUCCGCCA,95,Proteus columbae tRNA-Sec,Proteus columbae,tRNA,selenocysteinyl_tRNA,ENA,95,,0
URS00007C4AF6_2794026,GGAAGAUCAUCGUCCCCGGUGGGGCGGCUGGACUUCAAAUCCAGAUGGGGCCGCCAGCGGUCCUUGGCAGGUUCGACUCCUGUGAUCUUCCGCCA,95,Proteus sp. PR00224 tRNA-Sec,Proteus sp. PR00224,tRNA,selenocysteinyl_tRNA,ENA,95,,0
URS00007C4AF6_2923283,GGAAGAUCAUCGUCCCCGGUGGGGCGGCUGGACUUCAAAUCCAGAUGGGGCCGCCAGCGGUCCUUGGCAGGUUCGACUCCUGUGAUCUUCCGCCA,95,Providencia manganoxydans tRNA-Sec,Providencia manganoxydans,tRNA,selenocysteinyl_tRNA,ENA,95,,0
URS00009E2418_3346072,GGAGGCGUAUGGGUCCUGGUGGGCUCCCCGGUCUUCAAAACCGAGGAGGUCGAGUAUCUCGGCCUGGCGGGUUCGAUUCCCGUCCGCCUCCGCCA,95,Gordonia sp. NPDC057258 tRNA-Sec,Gordonia sp. NPDC057258,tRNA,selenocysteinyl_tRNA,ENA,95,,0
URS00009E2418_417102,GGAGGCGUAUGGGUCCUGGUGGGCUCCCCGGUCUUCAAAACCGAGGAGGUCGAGUAUCUCGGCCUGGCGGGUUCGAUUCCCGUCCGCCUCCGCCA,95,Gordonia lacunae tRNA-Sec,Gordonia lacunae,tRNA,selenocysteinyl_tRNA,ENA,95,,0
URS0000B9BED7_1863,GGAGGGGUACGAGCUCCUGGUGGACUCCCCGGUCUUCAAAACCGGUGAGGCCGAGCAUCUCGGCCUGGCGGGUUCGAUUCCCGUCCCCCUCC,92,Dermatophilus congolensis Selenocysteine transfer RNA,Dermatophilus congolensis,tRNA,selenocysteinyl_tRNA,ENA; Rfam,92,,0
URS00007F560C_3155919,GGUGGCGUCCGGGUCCUGGUGGGCCCCCCGGUCUUCAAAACCGGUGCGGCUGAGCAUCUCGGCCUGGCGGGUUCGAUUCCCGUCCGCCACCGCCA,95,Arthrobacter sp. NPDC080073 tRNA-Sec,Arthrobacter sp. NPDC080073,tRNA,selenocysteinyl_tRNA,ENA,95,,0
URS0000AD7134_1898956,GGAAGGGCAACCAUCCUGGUGGGUGGGCCGGGCUUCAAACCCGGUGGGUGGCGCCAAGCGCCGCCGGGUGGGUUCGACUCCCAUGCCCUUCCGCCA,96,Ottowia sp. tRNA-Sec,Ottowia sp.,tRNA,selenocysteinyl_tRNA,ENA,96,,0
URS0000AD807E_1502774,GGAAGAGCAACGUCCCCGGUGGGGCGUCCGGACUUCAAAUCCGGGUGAGGCAGCCAGACUGUUUCGGGUGGGUUCGACUCCCAUGCUCUUCC,92,Luteibacter sp. UNC138MFCol5.1 tRNA_SeC(p)_TCA,Luteibacter sp. UNC138MFCol5.1,tRNA,selenocysteinyl_tRNA,ENA,92,,0
URS0000C98820_1977087,GGAAGAGAAUCGUACCCCGGUGGGGCGCCCGGACUUCAAAUCCGGUGAGAGGCGUAAGACGUCUCUGGUGGGUUCGACUCCCACUCUUUUCCGCCA,96,Pseudomonadota bacterium tRNA-Sec,Pseudomonadota bacterium,tRNA,selenocysteinyl_tRNA,ENA,96,,0
URS0000A17931_573,GGAAGAUCGUCAUCUCCGGUGAGGUGGCUGGACUUCAAAUCCAGUUGGGGCCGCCAGCGGUCCGGGCAGGUUCAACUCCUGUGAUCUUCCGCCA,94,Klebsiella pneumoniae tRNA-Sec,Klebsiella pneumoniae,tRNA,selenocysteinyl_tRNA,ENA,94,,0
URS0000A17931_72407,GGAAGAUCGUCAUCUCCGGUGAGGUGGCUGGACUUCAAAUCCAGUUGGGGCCGCCAGCGGUCCGGGCAGGUUCAACUCCUGUGAUCUUCCGCCA,94,Klebsiella pneumoniae subsp. pneumoniae tRNA-Sec,Klebsiella pneumoniae subsp. pneumoniae,tRNA,selenocysteinyl_tRNA,ENA,94,,0
URS0000BE4B93_1800,GGAGGCGUAUCCGGUCUGGUGACCGGCCCGAUCUUCAAAAUCGCUGAGUGGCAGUUCCUGUCGCUGGCGGGUUCGAUUCCCGUCCGCCUCC,91,Mycobacterium chubuense Selenocysteine transfer RNA,Mycolicibacterium chubuense,tRNA,selenocysteinyl_tRNA,Rfam,91,,9
URS0000AD96F7_3345996,GGAGGCGUCUGGGUCCUGGUGGGCUCCCCGGUCUUCAAAACCGGUGAGACCGAGUAGCUCGGUCUGGCGGGUUCGAUUCCCGUCCGCCUCCGCCA,95,Arthrobacter sp. NPDC057009 tRNA-Sec,Arthrobacter sp. NPDC057009,tRNA,selenocysteinyl_tRNA,ENA,95,,0
URS0000AD96F7_3346116,GGAGGCGUCUGGGUCCUGGUGGGCUCCCCGGUCUUCAAAACCGGUGAGACCGAGUAGCUCGGUCUGGCGGGUUCGAUUCCCGUCCGCCUCCGCCA,95,Arthrobacter sp. NPDC057388 tRNA-Sec,Arthrobacter sp. NPDC057388,tRNA,selenocysteinyl_tRNA,ENA,95,,0
URS00008FDF87_1736511,GGAGGGGGAACGUCCCUGGUGGGACGGCCGGGCUUCAAACCCGGUGGGUGGUGCCAUGCGCCGCCGGGUGGGUUCGACUCCCAUGCCCCUCCGCCC,96,Rhizobacter sp. Root29 tRNA-Sec,Rhizobacter sp. Root29,tRNA,selenocysteinyl_tRNA,ENA,96,,0
URS0000A534E5_145854,GGAGGCGUUCAGGUGGCUGGUGCCCCUCCCGGUCUUCAAAACCGGUGUGGCCCGGGAUCCGGGUCAGGCGGGUUCGAUUCCCGUCCGUCUCC,92,Micromonospora pallida tRNA_SeC(p)_TCA,Micromonospora pallida,tRNA,selenocysteinyl_tRNA,ENA,92,,0
URS00008FE0D9_869279,GGGGAUGGGAGGGCUCCGGUGAGCCCCCCGGUCUUCAAAACCGGUGACGGGUCGCGUGGCGAGCCGUGGUGGGUUCGACUCCCAUUCAUCCCCGCCU,97,Thermanaerothrix daxensis tRNA-Sec,Thermanaerothrix daxensis,tRNA,selenocysteinyl_tRNA,ENA,97,,0
URS0000B33D7E_1970771,GGGAAUGGAUGGGUUCUGGUGAACCUCAAGGACUUCAAAUCCUUCUGCUGGGUGCUAAAAACAUCCGGGGUGGGUUCGAUUCCCACACAUUCCCGCCA,98,Candidatus Latescibacteria bacterium 4484_7 tRNA-Sec,Candidatus Latescibacteria bacterium 4484_7,tRNA,selenocysteinyl_tRNA,ENA,98,,0
URS00007F9859_345632,GGAAGCGCGUCGGUCGCUGGUGGGCCGCCCGGUCUUCAAAACCGGUGGGGGGGUUGAGAAAACUCCCCGGUGGGUUCGAUUCCCAUGCGCUUCCGCCA,98,Geobacter pickeringii tRNA-SeC (TCA) (tRNA-SeC-TCA-1-1),Geobacter pickeringii,tRNA,selenocysteinyl_tRNA,GtRNAdb; ENA,98,tRNA-SeC-TCA-1-1,1
URS0000B349EA_2021466,GGGGGUAGUUGAGUGACUGGUGUGCUCCCUGGUCUUCAAAACCAGUGUGGGGCGUUAAGAGCGUCCCGGGUGGGUUCGAUUCCCACAUGCCCUCGCCA,98,Sellimonas sp. tRNA-Sec,Sellimonas sp.,tRNA,selenocysteinyl_tRNA,ENA,98,,0
URS0000B349EA_2592333,GGGGGUAGUUGAGUGACUGGUGUGCUCCCUGGUCUUCAAAACCAGUGUGGGGCGUUAAGAGCGUCCCGGGUGGGUUCGAUUCCCACAUGCCCUCGCCA,98,Sellimonas caecigallum tRNA-Sec,Sellimonas caecigallum,tRNA,selenocysteinyl_tRNA,ENA,98,,0
URS0000A5439D_1745182,GGAAGAGAAGCGUCCCCGGUGGGGCGGCCGGACUUCAAAUCCGGUUGGGGCAGUGAGCCUGUCCCGGGUGGGUUCGACUCCCACUCUCUUCCGCCA,96,Paracoccus sp. MKU1 tRNA-Sec,Paracoccus sp. MKU1,tRNA,selenocysteinyl_tRNA,ENA,96,,0
URS0000A5439D_3050636,GGAAGAGAAGCGUCCCCGGUGGGGCGGCCGGACUUCAAAUCCGGUUGGGGCAGUGAGCCUGUCCCGGGUGGGUUCGACUCCCACUCUCUUCCGCCA,96,Paracoccus sp. SSJ tRNA-Sec,Paracoccus sp. SSJ,tRNA,selenocysteinyl_tRNA,ENA,96,,0
URS0000A5439D_318586,GGAAGAGAAGCGUCCCCGGUGGGGCGGCCGGACUUCAAAUCCGGUUGGGGCAGUGAGCCUGUCCCGGGUGGGUUCGACUCCCACUCUCUUCCGCCA,96,Paracoccus denitrificans PD1222 tRNA-SeC (TCA) (tRNA-SeC-TCA-1-1),Paracoccus denitrificans PD1222,tRNA,selenocysteinyl_tRNA,GtRNAdb,96,tRNA-SeC-TCA-1-1,1
URS0000B3568D_1866923,GGGAGCGGUUGGGCUCUGGUGGGCCUCCUGGACUUCAAAUCCAGUGUGGGGUGAACUCCCCGGGUAGGUUCGAUUCCUAUGCGCUCCCGCCA,92,bacterium ADurb.Bin132 tRNA-Sec,bacterium ADurb.Bin132,tRNA,selenocysteinyl_tRNA,ENA,92,,0
URS0000B3568D_2614251,GGGAGCGGUUGGGCUCUGGUGGGCCUCCUGGACUUCAAAUCCAGUGUGGGGUGAACUCCCCGGGUAGGUUCGAUUCCUAUGCGCUCCCGCCA,92,Caldisericales bacterium (anaerobic digester metagenome) tRNA-Sec,Caldisericales bacterium,tRNA,selenocysteinyl_tRNA,ENA,92,,0
URS0000ADB1EF_573,GGAAGAUCGUCAUCUCCGGUGAGGUGGCUGGACUUCAAAUCCAGUUGGGGCCGCCAGCGGUCCCGGCAGGUUCAACUCCUGUGAUCUUCCGCCA,94,Klebsiella pneumoniae tRNA-Sec,Klebsiella pneumoniae,tRNA,selenocysteinyl_tRNA,ENA,94,,0
URS00006188B5_1331206,GAAGGCAUGCGUGCCCGGUGGCACGGCUGGGCUUCAAACCCAGUUGGGGGUGUCAGACACUCCCAGGUAGGUUCGACUCCUGCUGCCUUCCGCCA,95,Bordetella holmesii CDC-H585-BH tRNA-Sec,Bordetella holmesii CDC-H585-BH,tRNA,selenocysteinyl_tRNA,ENA,95,,0
URS00006188B5_1331207,GAAGGCAUGCGUGCCCGGUGGCACGGCUGGGCUUCAAACCCAGUUGGGGGUGUCAGACACUCCCAGGUAGGUUCGACUCCUGCUGCCUUCCGCCA,95,Bordetella holmesii CDC-H629-BH tRNA-Sec,Bordetella holmesii CDC-H629-BH,tRNA,selenocysteinyl_tRNA,ENA,95,,0
URS00006188B5_1331208,GAAGGCAUGCGUGCCCGGUGGCACGGCUGGGCUUCAAACCCAGUUGGGGGUGUCAGACACUCCCAGGUAGGUUCGACUCCUGCUGCCUUCCGCCA,95,Bordetella holmesii CDC-H635-BH tRNA-Sec,Bordetella holmesii CDC-H635-BH,tRNA,selenocysteinyl_tRNA,ENA,95,,0
URS00006188B5_1331209,GAAGGCAUGCGUGCCCGGUGGCACGGCUGGGCUUCAAACCCAGUUGGGGGUGUCAGACACUCCCAGGUAGGUUCGACUCCUGCUGCCUUCCGCCA,95,Bordetella holmesii CDC-H643-BH tRNA-Sec,Bordetella holmesii CDC-H643-BH,tRNA,selenocysteinyl_tRNA,ENA,95,,0
URS00006188B5_1331211,GAAGGCAUGCGUGCCCGGUGGCACGGCUGGGCUUCAAACCCAGUUGGGGGUGUCAGACACUCCCAGGUAGGUUCGACUCCUGCUGCCUUCCGCCA,95,Bordetella holmesii CDC-H785-BH tRNA-Sec,Bordetella holmesii CDC-H785-BH,tRNA,selenocysteinyl_tRNA,ENA,95,,0
URS00006188B5_1331251,GAAGGCAUGCGUGCCCGGUGGCACGGCUGGGCUUCAAACCCAGUUGGGGGUGUCAGACACUCCCAGGUAGGUUCGACUCCUGCUGCCUUCCGCCA,95,Bordetella holmesii H620 tRNA-Sec,Bordetella holmesii H620,tRNA,selenocysteinyl_tRNA,ENA,95,,0
URS00006188B5_35814,GAAGGCAUGCGUGCCCGGUGGCACGGCUGGGCUUCAAACCCAGUUGGGGGUGUCAGACACUCCCAGGUAGGUUCGACUCCUGCUGCCUUCCGCCA,95,Bordetella holmesii tRNA-Sec,Bordetella holmesii,tRNA,selenocysteinyl_tRNA,ENA,95,,0
URS00009E7DBB_60552,GAAGGCAUUCGUAUCCGGUGGUACGGCCGGACUUCAAAUCCGGUUGGGGGUGUCAGACACUCCCGGGUCAGUUCGACUCUGGCUGCCUUCCGCCA,95,Burkholderia vietnamiensis tRNA-Sec,Burkholderia vietnamiensis,tRNA,selenocysteinyl_tRNA,ENA,95,,0
URS0000C9C922_2026742,GGGAAUGGGUAGGUUCUGGUGAACCUCGAGGACUUCAAAUCCUUCCGUCGGGUGCUAAAACCAUCCGAGGUGGGUUCGAUUCCCACGCAUUCCCGCCA,98,Gemmatimonadota bacterium tRNA-Sec,Gemmatimonadota bacterium,tRNA,selenocysteinyl_tRNA,ENA,98,,0
URS0000B36B36_1852847,GGAGGUGGCUGGGGCCCGGUGGCUCCCGCGGUCUUCAAAACCGUUGUGCCGCUUCACGGCGGCGGGUGGGUUCGACUCCCAUGCACCUCCGCCA,94,Candidatus Hydrogenedentes bacterium ADurb.Bin101 tRNA-Sec,Candidatus Hydrogenedentes bacterium ADurb.Bin101,tRNA,selenocysteinyl_tRNA,ENA,94,,0
URS0000B36B36_2030809,GGAGGUGGCUGGGGCCCGGUGGCUCCCGCGGUCUUCAAAACCGUUGUGCCGCUUCACGGCGGCGGGUGGGUUCGACUCCCAUGCACCUCCGCCA,94,Candidatus Hydrogenedentota bacterium tRNA-Sec,Candidatus Hydrogenedentota bacterium,tRNA,selenocysteinyl_tRNA,ENA,94,,0
URS00008D2813_85698,GGAAGGUAUCCGUGCCCGGUGGCACGGCCGGGCUUCAAACCCGGUUGGGGACGUCAGACGUUCCCAGGUAGGUUCGACUCCUGCUGCCUUCCGCCA,96,Achromobacter xylosoxidans tRNA-Sec,Achromobacter xylosoxidans,tRNA,selenocysteinyl_tRNA,ENA,96,,0
URS0000C86085_1131730,GGGGCUGAAUGGGGUACUGGUGUCCUCCACAGUCUUCAAAACUGCUUGAGACCUGCGUGCCAGGUCUGGUGGGUUCGCCCACGCAGUCCC,90,Bacillus vireti LMG 21834 Selenocysteine transfer RNA,Neobacillus vireti LMG 21834,tRNA,selenocysteinyl_tRNA,Rfam,90,,9
URS0000D83580_159749,GUGGAGAUGACCCUGCCUGGUGGUGGGUACUGGCUUCAAACCAGUGGGCGACUAGCGUCGCAGUUGUUCGAUUCAACCUUCUCCAC,86,Thalassiosira oceanica Selenocysteine transfer RNA,Thalassiosira oceanica,tRNA,selenocysteinyl_tRNA,Rfam,86,,9
URS0000B04602_1817770,GGAGGCGGCAGUGGUGCUGGUGCCCACCCCGGUCUUCAAAACCGAGCGAGGGAGCUGUAAAAGCCCCCUGGAGAGUUCGAUUCUCUCACGCCUCCGCCA,99,Candidatus Lambdaproteobacteria bacterium RIFOXYD1_FULL_56_27 tRNA-Sec,Candidatus Lambdaproteobacteria bacterium RIFOXYD1_FULL_56_27,tRNA,selenocysteinyl_tRNA,ENA,99,,0
URS0000B04602_1817773,GGAGGCGGCAGUGGUGCUGGUGCCCACCCCGGUCUUCAAAACCGAGCGAGGGAGCUGUAAAAGCCCCCUGGAGAGUUCGAUUCUCUCACGCCUCCGCCA,99,Candidatus Lambdaproteobacteria bacterium RIFOXYD2_FULL_56_26 tRNA-Sec,Candidatus Lambdaproteobacteria bacterium RIFOXYD2_FULL_56_26,tRNA,selenocysteinyl_tRNA,ENA,99,,0
URS0000D83754_220927,GGAGGCGUGUCCGGUCUGGUGACCGGCGCGGUCUUCAAAACCGUCGAACGGCAGUCGCUGCCGCUGGCGGGUUCGAUUCCCGUCCGCCUCC,91,Mycobacterium saskatchewanense Selenocysteine transfer RNA,Mycobacterium saskatchewanense,tRNA,selenocysteinyl_tRNA,Rfam,91,,9
URS0000B04940_1978231,GGAAGCGCAUCGGGGCUGGUGUCCUGCGCGGACUUCAAAUCCGUUGGGAGCCGGGGGAACCCGGCUCCGGUGGGUUCGAUUCCCACACGCUUCCGCCA,98,Acidobacteriota bacterium tRNA-Sec,Acidobacteriota bacterium,tRNA,selenocysteinyl_tRNA,ENA,98,,0
URS0000C9E4A3_1913989,GGAGGUGAAUGGAGUCUGGUGACUCCCCUGGUCUUCAAAACCAGUGAGCCGGCGAACCCGGCUGGUGGGUUCGAUUCCCAUCCACCUCCGCCG,93,Gammaproteobacteria bacterium tRNA-Sec,Gammaproteobacteria bacterium,tRNA,selenocysteinyl_tRNA,ENA,93,,0
URS0000C9E4FA_1977087,GGAAGUGCUUGCCGGUCUGGUGACGGCCUGGGGCUUCAAACCCCAUGAGCUCUUGGCGAGAGCCUGGAGUUGGCGGGUUCGAUUCCCGUGCACUUCCGCCA,101,Proteobacteria bacterium tRNA-Sec,Pseudomonadota bacterium,tRNA,selenocysteinyl_tRNA,ENA,101,,0
URS0000D85412_554083,GGAGGCGUCCGGGUCCUGGUGGGCCCCCCGGUCUUCAAAACCGGUGAGACCGAGCAGCUCGGUCUGGCGGGUUCGAUUCCCGUCCGCCUCC,91,Arthrobacter sp. 1P05MA Selenocysteine transfer RNA,Tersicoccus phoenicis,tRNA,selenocysteinyl_tRNA,Rfam,91,,9
URS0000B05376_1974054,GGGAGUGGAUGUGGCCUGGUGGCCGCCGCGGUCUUCAAAACCGUUGAGGGGCCGCGCGAGCGGUCCUUGGUGGGUUCGAUCCCCAUGCACUCCCGCCA,98,Nitrospirae bacterium CG_4_10_14_3_um_filter_70_108 tRNA-Sec,Nitrospirae bacterium CG_4_10_14_3_um_filter_70_108,tRNA,selenocysteinyl_tRNA,ENA,98,,0
URS0000B05376_1974067,GGGAGUGGAUGUGGCCUGGUGGCCGCCGCGGUCUUCAAAACCGUUGAGGGGCCGCGCGAGCGGUCCUUGGUGGGUUCGAUCCCCAUGCACUCCCGCCA,98,Nitrospirae bacterium CG06_land_8_20_14_3_00_70_43 tRNA-Sec,Nitrospirae bacterium CG06_land_8_20_14_3_00_70_43,tRNA,selenocysteinyl_tRNA,ENA,98,,0
URS0000ADDA8A_1805341,GGAAGCGUCUAGGAACCCGGUGGGCCUCCCGGACUUCAAAUCCGGUGUCCGGCUCUAGACAAGCUGGAGGUGGGUUCGACUCCCACACGCUUCCGCCA,98,Candidatus Rokubacteria bacterium 13_1_20CM_2_68_19 tRNA-Sec,Candidatus Rokubacteria bacterium 13_1_20CM_2_68_19,tRNA,selenocysteinyl_tRNA,ENA,98,,0
URS00008D3F0B_2975389,GGAAGGCAAUCGCGCCCGGUGGCGCGGCCGGGCUUCAAACCCGGUUGGGGACGGCAACCGUUCCCGGGCAGGUUCGACUCCCGCUGCCUUCCGCCA,96,Pseudomonas sp. GD03860 tRNA-Sec,Pseudomonas sp. GD03860,tRNA,selenocysteinyl_tRNA,ENA,96,,0
URS00008D3F0B_303,GGAAGGCAAUCGCGCCCGGUGGCGCGGCCGGGCUUCAAACCCGGUUGGGGACGGCAACCGUUCCCGGGCAGGUUCGACUCCCGCUGCCUUCCGCCA,96,Pseudomonas putida tRNA-Sec,Pseudomonas putida,tRNA,selenocysteinyl_tRNA,ENA,96,,0
URS00008D3F0B_50340,GGAAGGCAAUCGCGCCCGGUGGCGCGGCCGGGCUUCAAACCCGGUUGGGGACGGCAACCGUUCCCGGGCAGGUUCGACUCCCGCUGCCUUCCGCCA,96,Pseudomonas fuscovaginae tRNA-Sec,Pseudomonas fuscovaginae,tRNA,selenocysteinyl_tRNA,ENA,96,,0
URS0000DD4D81_727,CGGAGGGGCGUCAUCUCCGGUGAGGUGGCAGGAUUUCAAAUCCUGUUGAGGACGCCAGCGUUCUUGGGUGGGUUCAACUCCCAUUCCCUCCGCC,94,Haemophilus influenzae tRNA-Sec,Haemophilus influenzae,tRNA,selenocysteinyl_tRNA,ENA,94,,0
URS0000A58D11_446860,GGAGGCGUCCGGGUCCUGGUGGGCCCCCCGGUCUUCAAAACCGGUGAGGCCGAGAACCUCGGCCUGGCGGGUUCGAUUCCCGUCCGCCUCCGCCA,95,Kocuria flava tRNA-Sec,Kocuria flava,tRNA,selenocysteinyl_tRNA,ENA,95,,0
URS0000AC5289_3154952,GGAGGCGUAUCCGGCCUGGUGACCGGCCCGGUCCUCAAAACCGUUGAACGGCAGGAGCUGCCGUUGGCGGGUUCGAUUCCCGUCCGCCUCCGCCA,95,Streptomyces sp. NPDC052610 tRNA-Sec,Streptomyces sp. NPDC052610,tRNA,selenocysteinyl_tRNA,ENA,95,,0
URS00008171B8_60552,GAAGGCAUUCGUAUCCGGUGGUACGGCCGGACUUCAAAUCCGGUUGGGGGUGUCAGACGCUCCCGGGUCAGUUCGACUCUGGCUGCCUUCCGCCA,95,Burkholderia vietnamiensis tRNA-Sec,Burkholderia vietnamiensis,tRNA,selenocysteinyl_tRNA,ENA,95,,0
URS000076AD2A_1736561,GGAAGGUAAUCGCGCCCGGUGGCGCGGCCGGGCUUCAAACCCGGUUGGGGACGGCAUCCGUUCCCGGGCAGGUUCGACUCCGGCUACCUUCCGCCA,96,Pseudomonas sp. Root562 tRNA-Sec,Pseudomonas sp. Root562,tRNA,selenocysteinyl_tRNA,ENA,96,,0
URS000076AD2A_1805930,GGAAGGUAAUCGCGCCCGGUGGCGCGGCCGGGCUUCAAACCCGGUUGGGGACGGCAUCCGUUCCCGGGCAGGUUCGACUCCGGCUACCUUCCGCCA,96,Pseudomonas sp. ERMR1:02 tRNA-Sec,Pseudomonas sp. ERMR1:02,tRNA,selenocysteinyl_tRNA,ENA,96,,0
URS000076AD2A_2201998,GGAAGGUAAUCGCGCCCGGUGGCGCGGCCGGGCUUCAAACCCGGUUGGGGACGGCAUCCGUUCCCGGGCAGGUUCGACUCCGGCUACCUUCCGCCA,96,Pseudomonas sp. PLMAX tRNA-Sec,Pseudomonas sp. PLMAX,tRNA,selenocysteinyl_tRNA,ENA,96,,0
URS000076AD2A_2745268,GGAAGGUAAUCGCGCCCGGUGGCGCGGCCGGGCUUCAAACCCGGUUGGGGACGGCAUCCGUUCCCGGGCAGGUUCGACUCCGGCUACCUUCCGCCA,96,Pseudomonas sp. MYb371 tRNA-Sec,Pseudomonas sp. MYb371,tRNA,selenocysteinyl_tRNA,ENA,96,,0
URS00008EBB5F_40516,GGAGGCGUCUGGGCACCUGGUGGGCUCCCCGGUCUUCAAAACCGGUGAGAUCGAGUACCUCGGUCUGGCGGGUUCGAUUCCCGUCCGUCUCCGCCA,96,Gordonia hydrophobica tRNA-Sec,Gordonia hydrophobica,tRNA,selenocysteinyl_tRNA,ENA,96,,0
URS0000655A1D_759914,GGAGGUAGAUGAGUCCCGGUGGGCUCCGCGCUCUUCAAAAGCGUUGGACGUUAUAGCAACGUUGGCAGGUUCAACUCCUGCCUCUUCC,88,Brachyspira pilosicoli 95/1000 Selenocysteine transfer RNA,Brachyspira pilosicoli 95/1000,tRNA,selenocysteinyl_tRNA,Rfam,88,,0
URS000083CE4A_1848766,GGAAGGUUAGCUUAUCUGGUGAUGGCCACUGACUUCAAAUCAGAUGAAAGGGUAGUUGACUACUUUUUGGGGAGUUCGAUUCUCUCACCUUCUCGCCA,98,Campylobacter ornithocola tRNA-Sec,Campylobacter ornithocola,tRNA,selenocysteinyl_tRNA,ENA,98,,0
URS000083CE4A_2735750,GGAAGGUUAGCUUAUCUGGUGAUGGCCACUGACUUCAAAUCAGAUGAAAGGGUAGUUGACUACUUUUUGGGGAGUUCGAUUCUCUCACCUUCUCGCCA,98,Campylobacter sp. 2352 PW tRNA-Sec,Campylobacter sp. 2352 PW,tRNA,selenocysteinyl_tRNA,ENA,98,,0
URS000083CE4A_2911609,GGAAGGUUAGCUUAUCUGGUGAUGGCCACUGACUUCAAAUCAGAUGAAAGGGUAGUUGACUACUUUUUGGGGAGUUCGAUUCUCUCACCUUCUCGCCA,98,Campylobacter sp. CNRCH_2016_3089 tRNA-Sec,Campylobacter sp. CNRCH_2016_3089,tRNA,selenocysteinyl_tRNA,ENA,98,,0
URS00005E2411_67258,GAAGGCAUCCGUGUCCGGUGGCACGGCCGGGCUUCAAACCCGGUUGGGGGCGUCAGACGUUCCCAGGUAGGUUCGACUCCUGCUGCCUUCCGCCA,95,Streptomyces cavourensis tRNA-Sec,Streptomyces cavourensis,tRNA,selenocysteinyl_tRNA,ENA,95,,0
URS00005E2411_72557,GAAGGCAUCCGUGUCCGGUGGCACGGCCGGGCUUCAAACCCGGUUGGGGGCGUCAGACGUUCCCAGGUAGGUUCGACUCCUGCUGCCUUCCGCCA,95,Achromobacter ruhlandii tRNA-Sec,Achromobacter ruhlandii,tRNA,selenocysteinyl_tRNA,ENA,95,,0
URS00007B07DE_1334564,GGAAGAUCCUCGUCCCCGGUGGGGCGGCCGGACUUCAAAUCCGGUUGGGGCCGCCAGCGGUCCUGGGCAGGUUCGACUCCUGUGAUCUUCCGCCA,95,Serratia marcescens SM39 tRNA-SeC (TCA) (tRNA-SeC-TCA-1-1),Serratia marcescens SM39,tRNA,selenocysteinyl_tRNA,GtRNAdb,95,tRNA-SeC-TCA-1-1,1
URS00007B07DE_1805637,GGAAGAUCCUCGUCCCCGGUGGGGCGGCCGGACUUCAAAUCCGGUUGGGGCCGCCAGCGGUCCUGGGCAGGUUCGACUCCUGUGAUCUUCCGCCA,95,Serratia sp. 2880STDY5682895 tRNA-seC(tca),Serratia sp. 2880STDY5682895,tRNA,selenocysteinyl_tRNA,ENA,95,,0
URS0000AC90CD_2017976,GGAAUGGCUGUGCCCCUGGUGGGCACCACGGACUUCAAAUCCGCUGGCGGGCCAGACUUGAUCUGUCCGCGGUAGGUUCGAUUCCUACACAUUCC,95,Candidatus Frackibacter sp. WG11 tRNA_SeC(p)_TCA,Candidatus Frackibacter sp. WG11,tRNA,selenocysteinyl_tRNA,ENA,95,,0
URS0000AC90CD_2017978,GGAAUGGCUGUGCCCCUGGUGGGCACCACGGACUUCAAAUCCGCUGGCGGGCCAGACUUGAUCUGUCCGCGGUAGGUUCGAUUCCUACACAUUCC,95,Candidatus Frackibacter sp. WG13 tRNA_SeC(p)_TCA,Candidatus Frackibacter sp. WG13,tRNA,selenocysteinyl_tRNA,ENA,95,,0
URS0000AC946E_1797647,GGAGUGGUUGAGUUCCGGUGGGCUCCCCGGUCUUCAAAACCGGUGGCGGGUCGCGUUGCGGGCCGCGGUGGGUUCGACCCCCAUCCACUCCC,92,Chloroflexi bacterium RBG_16_54_11 tRNA-Sec,Chloroflexi bacterium RBG_16_54_11,tRNA,selenocysteinyl_tRNA,ENA,92,,0
URS000069B6E0_679897,GGGGGGCAAGUGUCCCUGGUGGGCACCUUGGGCUUCAAACCCACAGAAUGGCUAGGUGUUUAGUCAUUGAGGAGUUCGAUUCUUCUGCCCUCC,93,Helicobacter mustelae 12198 Selenocysteine transfer RNA,Helicobacter mustelae 12198,tRNA,selenocysteinyl_tRNA,Rfam,93,,9
URS0000B4C711_351656,GGAAAAUCAUCGUCCCCGGUGGGGCGGCUGGACUUCAAAUCCAGAUGGGGUUGCCAGCGACCCUUGGCAGGUUCGACUCCUGUGAUUUUCCGCCA,95,Xenorhabdus vietnamensis tRNA-Sec,Xenorhabdus vietnamensis,tRNA,selenocysteinyl_tRNA,ENA,95,,0
URS0000A07B27_1883407,GGGAGUGGCUGAGAUUCUGGUGUUCUCCCCGGUCUUCAAAACCGAGUGAGGGGCGCGUGACGUCCCUGGUGGGUUCGAUUCCCAUCCACUCCCGCCA,97,Tepidibacillus sp. HK-1 tRNA-Sec,Tepidibacillus sp. HK-1,tRNA,selenocysteinyl_tRNA,ENA,97,,0
URS00006DBEAD_696281,GGGGAGAACGGGGAUGGUCCCCCUAUGGGCUGCAAACCCAUGAGCCAGCCUGAGAACCAGGCUGGAGUCCGGUUCGAUUCCGACUUCUCCCC,92,Desulfotomaculum ruminis DSM 2154 Selenocysteine transfer RNA,Desulforamulus ruminis DSM 2154,tRNA,selenocysteinyl_tRNA,Rfam,92,,9
URS0000B1BBE8_3050601,GGAGGCGUACGUGUCCUGGUGGCCACCCCAGUCUUCAAAACUGGUGAGGUCGAGCAUCUCGGCCUGGCAGGUUCGAUUCCUGUCCGUCUCCGCCA,95,Corynebacterium sp. UMB10119B.1 tRNA-Sec,Corynebacterium sp. UMB10119B.1,tRNA,selenocysteinyl_tRNA,ENA,95,,0
URS0000B4DE1E_1441467,GGAAGGGAAUCGCCCCUGGUGGGGCGUCCGGACUUCAAAUCCGGGUGGGGCAGCGAGACUGUCCCGGGUGGGUUCGACUCCCAUUCCCUUCCGCCA,96,Nitrospirillum amazonense CBAmc tRNA-Sec,Nitrospirillum viridazoti CBAmc,tRNA,selenocysteinyl_tRNA,ENA,96,,0
